County,LND010200D
UNITED STATES,3794083.06
ALABAMA,52419.02
"Autauga, AL",604.45
"Baldwin, AL",2026.93
"Barbour, AL",904.52
"Bibb, AL",626.16
"Blount, AL",650.6
"Bullock, AL",626.06
"Butler, AL",777.92
"Calhoun, AL",612.32
"Chambers, AL",603.11
"Cherokee, AL",599.95
"Chilton, AL",700.76
"Choctaw, AL",920.85
"Clarke, AL",1252.51
"Clay, AL",606
"Cleburne, AL",561.02
"Coffee, AL",680.48
"Colbert, AL",623.61
"Conecuh, AL",852.51
"Coosa, AL",666.36
"Covington, AL",1043.86
"Crenshaw, AL",610.88
"Cullman, AL",754.82
"Dale, AL",562.67
"Dallas, AL",993.37
"DeKalb, AL",778.65
"Elmore, AL",657.21
"Escambia, AL",952.95
"Etowah, AL",548.75
"Fayette, AL",629.34
"Franklin, AL",646.51
"Geneva, AL",578.9
"Greene, AL",659.93
"Hale, AL",656.47
"Henry, AL",568.33
"Houston, AL",581.65
"Jackson, AL",1126.77
"Jefferson, AL",1123.8
"Lamar, AL",605.47
"Lauderdale, AL",718.78
"Lawrence, AL",718.07
"Lee, AL",615.55
"Limestone, AL",607.08
"Lowndes, AL",725.03
"Macon, AL",613.24
"Madison, AL",812.85
"Marengo, AL",982.85
"Marion, AL",743.57
"Marshall, AL",623.16
"Mobile, AL",1644.02
"Monroe, AL",1034.53
"Montgomery, AL",799.76
"Morgan, AL",599.06
"Perry, AL",724.08
"Pickens, AL",890.05
"Pike, AL",672.1
"Randolph, AL",584.11
"Russell, AL",647.38
"St. Clair, AL",653.61
"Shelby, AL",809.53
"Sumter, AL",913.3
"Talladega, AL",760.25
"Tallapoosa, AL",766.23
"Tuscaloosa, AL",1351.23
"Walker, AL",805.3
"Washington, AL",1088.54
"Wilcox, AL",907.46
"Winston, AL",631.86
ALASKA,663267.26
"Aleutians East, AK",15011.6
"Aleutians West, AK",14116.51
"Anchorage, AK",1961.09
"Bethel, AK",45508.46
"Bristol Bay, AK",887.68
"Denali, AK",12774.53
"Dillingham, AK",20928.41
"Fairbanks North Star, AK",7444.02
"Haines, AK",2725.82
"Hoonah-Angoon, AK",11376.73
"Juneau, AK",3255.01
"Kenai Peninsula, AK",24754.6
"Ketchikan Gateway, AK",1753.98
"Kodiak Island, AK",12023.67
"Lake and Peninsula, AK",30906.96
"Matanuska-Susitna, AK",25259.79
"Nome, AK",28283.33
"North Slope, AK",94762.64
"Northwest Arctic, AK",40762
"Petersburg, AK",9021.21
"Prince of Wales-Hyder, AK",12706.3
"Sitka, AK",4811.53
"Skagway, AK",0
"Southeast Fairbanks, AK",25061.19
"Valdez-Cordova, AK",40199.15
"Wade Hampton, AK",19669.24
"Wrangell, AK",0
"Yakutat, AK",9459.28
"Yukon-Koyukuk, AK",147842.51
ARIZONA,113998.3
"Apache, AZ",11218.42
"Cochise, AZ",6218.77
"Coconino, AZ",18661.21
"Gila, AZ",4795.74
"Graham, AZ",4641.14
"Greenlee, AZ",1848.42
"La Paz, AZ",4513.36
"Maricopa, AZ",9224.27
"Mohave, AZ",13469.71
"Navajo, AZ",9959.49
"Pima, AZ",9188.83
"Pinal, AZ",5374.09
"Santa Cruz, AZ",1238.11
"Yavapai, AZ",8127.78
"Yuma, AZ",5518.96
ARKANSAS,53178.62
"Arkansas, AR",1033.79
"Ashley, AR",939.08
"Baxter, AR",586.74
"Benton, AR",880.24
"Boone, AR",601.82
"Bradley, AR",654.38
"Calhoun, AR",632.54
"Carroll, AR",638.81
"Chicot, AR",690.88
"Clark, AR",882.6
"Clay, AR",641.42
"Cleburne, AR",591.91
"Cleveland, AR",598.8
"Columbia, AR",766.86
"Conway, AR",566.66
"Craighead, AR",712.98
"Crawford, AR",604.2
"Crittenden, AR",636.69
"Cross, AR",622.33
"Dallas, AR",668.16
"Desha, AR",819.52
"Drew, AR",835.65
"Faulkner, AR",664.01
"Franklin, AR",619.69
"Fulton, AR",620.31
"Garland, AR",734.57
"Grant, AR",633.01
"Greene, AR",579.65
"Hempstead, AR",741.36
"Hot Spring, AR",622.16
"Howard, AR",595.2
"Independence, AR",771.57
"Izard, AR",584.02
"Jackson, AR",641.45
"Jefferson, AR",913.7
"Johnson, AR",682.74
"Lafayette, AR",545.07
"Lawrence, AR",592.34
"Lee, AR",619.47
"Lincoln, AR",572.17
"Little River, AR",564.87
"Logan, AR",731.5
"Lonoke, AR",802.43
"Madison, AR",837.06
"Marion, AR",640.35
"Miller, AR",637.48
"Mississippi, AR",919.73
"Monroe, AR",621.41
"Montgomery, AR",800.29
"Nevada, AR",620.78
"Newton, AR",823.18
"Ouachita, AR",739.63
"Perry, AR",560.47
"Phillips, AR",727.29
"Pike, AR",613.88
"Poinsett, AR",763.39
"Polk, AR",862.42
"Pope, AR",830.79
"Prairie, AR",675.76
"Pulaski, AR",807.84
"Randolph, AR",656.04
"St. Francis, AR",642.4
"Saline, AR",730.46
"Scott, AR",898.09
"Searcy, AR",668.51
"Sebastian, AR",546.04
"Sevier, AR",581.35
"Sharp, AR",606.35
"Stone, AR",609.43
"Union, AR",1055.27
"Van Buren, AR",724.32
"Washington, AR",956.01
"White, AR",1042.36
"Woodruff, AR",594.05
"Yell, AR",948.84
CALIFORNIA,163695.57
"Alameda, CA",821.15
"Alpine, CA",743.19
"Amador, CA",604.69
"Butte, CA",1677.11
"Calaveras, CA",1036.84
"Colusa, CA",1156.22
"Contra Costa, CA",802.15
"Del Norte, CA",1229.75
"El Dorado, CA",1788.1
"Fresno, CA",6017.42
"Glenn, CA",1327.16
"Humboldt, CA",4052.22
"Imperial, CA",4481.73
"Inyo, CA",10226.98
"Kern, CA",8161.42
"Kings, CA",1391.49
"Lake, CA",1329.48
"Lassen, CA",4720.37
"Los Angeles, CA",4752.32
"Madera, CA",2153.32
"Marin, CA",828.2
"Mariposa, CA",1462.79
"Mendocino, CA",3878.14
"Merced, CA",1971.87
"Modoc, CA",4203.37
"Mono, CA",3131.8
"Monterey, CA",3771.07
"Napa, CA",788.27
"Nevada, CA",974.49
"Orange, CA",947.98
"Placer, CA",1502.78
"Plumas, CA",2613.48
"Riverside, CA",7303.13
"Sacramento, CA",995.48
"San Benito, CA",1390.73
"San Bernardino, CA",20105.32
"San Diego, CA",4525.52
"San Francisco, CA",231.92
"San Joaquin, CA",1426.25
"San Luis Obispo, CA",3615.54
"San Mateo, CA",741.01
"Santa Barbara, CA",3789.08
"Santa Clara, CA",1304.01
"Santa Cruz, CA",607.16
"Shasta, CA",3847.44
"Sierra, CA",961.97
"Siskiyou, CA",6347.46
"Solano, CA",906.67
"Sonoma, CA",1768.23
"Stanislaus, CA",1514.67
"Sutter, CA",608.58
"Tehama, CA",2962.27
"Trinity, CA",3207.54
"Tulare, CA",4839.09
"Tuolumne, CA",2274.34
"Ventura, CA",2208.2
"Yolo, CA",1022.89
"Yuba, CA",643.73
COLORADO,104093.57
"Adams, CO",1197.71
"Alamosa, CO",723.53
"Arapahoe, CO",805.43
"Archuleta, CO",1355.48
"Baca, CO",2557.09
"Bent, CO",1541.12
"Boulder, CO",751.37
"Broomfield, CO",0
"Chaffee, CO",1015.01
"Cheyenne, CO",1781.37
"Clear Creek, CO",396.46
"Conejos, CO",1290.87
"Costilla, CO",1230.44
"Crowley, CO",800.33
"Custer, CO",739.9
"Delta, CO",1148.52
"Denver, CO",154.94
"Dolores, CO",1068.09
"Douglas, CO",842.75
"Eagle, CO",1691.8
"Elbert, CO",1850.89
"El Paso, CO",2129.56
"Fremont, CO",1533.95
"Garfield, CO",2955.76
"Gilpin, CO",150.25
"Grand, CO",1869.6
"Gunnison, CO",3259.75
"Hinsdale, CO",1123.14
"Huerfano, CO",1593.24
"Jackson, CO",1620.95
"Jefferson, CO",778.06
"Kiowa, CO",1785.76
"Kit Carson, CO",2161.56
"Lake, CO",383.9
"La Plata, CO",1699.93
"Larimer, CO",2633.86
"Las Animas, CO",4775.42
"Lincoln, CO",2586.39
"Logan, CO",1844.86
"Mesa, CO",3341.11
"Mineral, CO",877.7
"Moffat, CO",4750.94
"Montezuma, CO",2039.97
"Montrose, CO",2242.57
"Morgan, CO",1293.87
"Otero, CO",1269.74
"Ouray, CO",542.21
"Park, CO",2210.69
"Phillips, CO",687.74
"Pitkin, CO",973.23
"Prowers, CO",1644.35
"Pueblo, CO",2397.73
"Rio Blanco, CO",3222.91
"Rio Grande, CO",912.14
"Routt, CO",2368.02
"Saguache, CO",3170.25
"San Juan, CO",388.29
"San Miguel, CO",1288.49
"Sedgwick, CO",549.6
"Summit, CO",619.25
"Teller, CO",558.96
"Washington, CO",2524.12
"Weld, CO",4021.56
"Yuma, CO",2369.1
CONNECTICUT,5543.33
"Fairfield, CT",836.96
"Hartford, CT",750.57
"Litchfield, CT",944.57
"Middlesex, CT",439.07
"New Haven, CT",862.02
"New London, CT",771.66
"Tolland, CT",417.01
"Windham, CT",521.47
DELAWARE,2489.27
"Kent, DE",800.12
"New Castle, DE",493.51
"Sussex, DE",1195.65
DISTRICT OF COLUMBIA,68.34
District of Columbia,68.34
FLORIDA,65754.59
"Alachua, FL",969.12
"Baker, FL",588.89
"Bay, FL",1033.27
"Bradford, FL",300.04
"Brevard, FL",1556.95
"Broward, FL",1319.63
"Calhoun, FL",574.34
"Charlotte, FL",859.12
"Citrus, FL",773.15
"Clay, FL",643.69
"Collier, FL",2304.93
"Columbia, FL",801.04
"DeSoto, FL",639.5
"Dixie, FL",863.66
"Duval, FL",918.24
"Escambia, FL",875.57
"Flagler, FL",570.76
"Franklin, FL",1037.48
"Gadsden, FL",528.49
"Gilchrist, FL",355.47
"Glades, FL",986.43
"Gulf, FL",744.59
"Hamilton, FL",519.31
"Hardee, FL",638.33
"Hendry, FL",1189.79
"Hernando, FL",589.08
"Highlands, FL",1106.28
"Hillsborough, FL",1266.22
"Holmes, FL",488.71
"Indian River, FL",616.92
"Jackson, FL",954.58
"Jefferson, FL",636.65
"Lafayette, FL",547.92
"Lake, FL",1156.4
"Lee, FL",1211.89
"Leon, FL",701.78
"Levy, FL",1412.32
"Liberty, FL",843.16
"Madison, FL",715.8
"Manatee, FL",892.75
"Marion, FL",1663.01
"Martin, FL",752.79
"Miami-Dade, FL",2431.26
"Monroe, FL",3737.15
"Nassau, FL",725.86
"Okaloosa, FL",1082
"Okeechobee, FL",891.57
"Orange, FL",1004.19
"Osceola, FL",1506.35
"Palm Beach, FL",2386.33
"Pasco, FL",867.95
"Pinellas, FL",607.67
"Polk, FL",2009.99
"Putnam, FL",827.16
"St. Johns, FL",821.43
"St. Lucie, FL",688.08
"Santa Rosa, FL",1173.57
"Sarasota, FL",725.18
"Seminole, FL",344.87
"Sumter, FL",580.31
"Suwannee, FL",691.9
"Taylor, FL",1232.01
"Union, FL",249.71
"Volusia, FL",1432.44
"Wakulla, FL",735.74
"Walton, FL",1238.03
"Washington, FL",615.79
GEORGIA,59424.77
"Appling, GA",512.11
"Atkinson, GA",344.1
"Bacon, GA",285.92
"Baker, GA",349.17
"Baldwin, GA",267.5
"Banks, GA",233.87
"Barrow, GA",162.84
"Bartow, GA",470.11
"Ben Hill, GA",254.03
"Berrien, GA",457.78
"Bibb, GA",255.13
"Bleckley, GA",219.14
"Brantley, GA",447.42
"Brooks, GA",497.77
"Bryan, GA",454.49
"Bulloch, GA",688.84
"Burke, GA",834.99
"Butts, GA",190.01
"Calhoun, GA",283.57
"Camden, GA",782.52
"Candler, GA",248.81
"Carroll, GA",503.83
"Catoosa, GA",162.66
"Charlton, GA",782.97
"Chatham, GA",632.28
"Chattahoochee, GA",251.17
"Chattooga, GA",313.55
"Cherokee, GA",433.99
"Clarke, GA",121.28
"Clay, GA",216.99
"Clayton, GA",144.28
"Clinch, GA",824.17
"Cobb, GA",344.51
"Coffee, GA",602.61
"Colquitt, GA",556.55
"Columbia, GA",307.78
"Cook, GA",233.22
"Coweta, GA",445.98
"Crawford, GA",326.45
"Crisp, GA",281.2
"Dade, GA",174.16
"Dawson, GA",213.93
"Decatur, GA",623.16
"DeKalb, GA",270.91
"Dodge, GA",503.17
"Dooly, GA",397.07
"Dougherty, GA",334.64
"Douglas, GA",200.26
"Early, GA",516.27
"Echols, GA",420.8
"Effingham, GA",482.82
"Elbert, GA",374.54
"Emanuel, GA",690.33
"Evans, GA",186.88
"Fannin, GA",391.43
"Fayette, GA",199.25
"Floyd, GA",518.46
"Forsyth, GA",247.37
"Franklin, GA",266.37
"Fulton, GA",534.61
"Gilmer, GA",431.83
"Glascock, GA",144.45
"Glynn, GA",585.17
"Gordon, GA",358.01
"Grady, GA",460.34
"Greene, GA",406.24
"Gwinnett, GA",436.72
"Habersham, GA",279.2
"Hall, GA",429.19
"Hancock, GA",478.76
"Haralson, GA",283.16
"Harris, GA",472.93
"Hart, GA",256.42
"Heard, GA",301.08
"Henry, GA",324.48
"Houston, GA",379.83
"Irwin, GA",362.73
"Jackson, GA",343
"Jasper, GA",373.58
"Jeff Davis, GA",335.42
"Jefferson, GA",529.56
"Jenkins, GA",352.45
"Johnson, GA",306.52
"Jones, GA",395.39
"Lamar, GA",185.79
"Lanier, GA",199.83
"Laurens, GA",818.51
"Lee, GA",362.01
"Liberty, GA",602.52
"Lincoln, GA",257.28
"Long, GA",403.49
"Lowndes, GA",510.63
"Lumpkin, GA",284.87
"McDuffie, GA",266.3
"McIntosh, GA",574.53
"Macon, GA",405.95
"Madison, GA",285.57
"Marion, GA",367.49
"Meriwether, GA",505.34
"Miller, GA",283.72
"Mitchell, GA",513.81
"Monroe, GA",397.8
"Montgomery, GA",247.32
"Morgan, GA",354.6
"Murray, GA",346.88
"Muscogee, GA",221
"Newton, GA",279.19
"Oconee, GA",186.14
"Oglethorpe, GA",442.17
"Paulding, GA",315.06
"Peach, GA",151.46
"Pickens, GA",232.78
"Pierce, GA",343.9
"Pike, GA",219.43
"Polk, GA",312.13
"Pulaski, GA",249.89
"Putnam, GA",360.63
"Quitman, GA",160.92
"Rabun, GA",376.99
"Randolph, GA",430.89
"Richmond, GA",328.45
"Rockdale, GA",132.13
"Schley, GA",167.82
"Screven, GA",655.59
"Seminole, GA",256.56
"Spalding, GA",199.6
"Stephens, GA",184.23
"Stewart, GA",463.23
"Sumter, GA",492.54
"Talbot, GA",394.74
"Taliaferro, GA",195.47
"Tattnall, GA",488.22
"Taylor, GA",379.61
"Telfair, GA",444.08
"Terrell, GA",337.63
"Thomas, GA",552.08
"Tift, GA",268.86
"Toombs, GA",368.64
"Towns, GA",172.01
"Treutlen, GA",202.19
"Troup, GA",445.96
"Turner, GA",289.85
"Twiggs, GA",362.95
"Union, GA",329.02
"Upson, GA",327.64
"Walker, GA",447.03
"Walton, GA",330.05
"Ware, GA",906.31
"Warren, GA",286.74
"Washington, GA",684.37
"Wayne, GA",648.8
"Webster, GA",210.26
"Wheeler, GA",300.14
"White, GA",242.16
"Whitfield, GA",290.65
"Wilcox, GA",383.3
"Wilkes, GA",474
"Wilkinson, GA",452.01
"Worth, GA",574.58
HAWAII,10930.98
"Hawaii, HI",5086.7
"Honolulu, HI",2126.85
"Kalawao, HI",52.33
"Kauai, HI",1266.37
"Maui, HI",2398.74
IDAHO,83570.08
"Ada, ID",1060.33
"Adams, ID",1370
"Bannock, ID",1147.46
"Bear Lake, ID",1049.44
"Benewah, ID",783.98
"Bingham, ID",2120.24
"Blaine, ID",2661.02
"Boise, ID",1906.76
"Bonner, ID",1919.59
"Bonneville, ID",1900.65
"Boundary, ID",1278.21
"Butte, ID",2233.59
"Camas, ID",1079.02
"Canyon, ID",603.51
"Caribou, ID",1798.62
"Cassia, ID",2580.31
"Clark, ID",1765.21
"Clearwater, ID",2488.1
"Custer, ID",4936.79
"Elmore, ID",3100.51
"Franklin, ID",668.36
"Fremont, ID",1895.59
"Gem, ID",565.75
"Gooding, ID",733.84
"Idaho, ID",8502.48
"Jefferson, ID",1105.55
"Jerome, ID",601.87
"Kootenai, ID",1315.69
"Latah, ID",1076.89
"Lemhi, ID",4569.5
"Lewis, ID",479.81
"Lincoln, ID",1205.86
"Madison, ID",473.36
"Minidoka, ID",762.98
"Nez Perce, ID",856.36
"Oneida, ID",1201.61
"Owyhee, ID",7696.71
"Payette, ID",410.19
"Power, ID",1442.6
"Shoshone, ID",2635.5
"Teton, ID",450.57
"Twin Falls, ID",1928.47
"Valley, ID",3733.66
"Washington, ID",1473.54
ILLINOIS,57914.38
"Adams, IL",871.28
"Alexander, IL",252.54
"Bond, IL",382.67
"Boone, IL",281.94
"Brown, IL",307.24
"Bureau, IL",873.3
"Calhoun, IL",283.69
"Carroll, IL",465.77
"Cass, IL",383.73
"Champaign, IL",997.53
"Christian, IL",715.71
"Clark, IL",504.88
"Clay, IL",469.84
"Clinton, IL",503.48
"Coles, IL",510.07
"Cook, IL",1635.04
"Crawford, IL",445.74
"Cumberland, IL",347
"DeKalb, IL",634.97
"De Witt, IL",405.15
"Douglas, IL",417.42
"DuPage, IL",336.55
"Edgar, IL",624.18
"Edwards, IL",222.66
"Effingham, IL",479.9
"Fayette, IL",725.36
"Ford, IL",486.42
"Franklin, IL",431.4
"Fulton, IL",882.59
"Gallatin, IL",328.41
"Greene, IL",546.34
"Grundy, IL",430.42
"Hamilton, IL",435.84
"Hancock, IL",814.54
"Hardin, IL",181.53
"Henderson, IL",395.12
"Henry, IL",825.6
"Iroquois, IL",1118.03
"Jackson, IL",602.53
"Jasper, IL",498.02
"Jefferson, IL",583.71
"Jersey, IL",377.02
"Jo Daviess, IL",618.72
"Johnson, IL",348.88
"Kane, IL",524.08
"Kankakee, IL",681.44
"Kendall, IL",322.67
"Knox, IL",719.7
"Lake, IL",1367.95
"LaSalle, IL",1148.04
"Lawrence, IL",373.94
"Lee, IL",729.29
"Livingston, IL",1045.43
"Logan, IL",619.01
"McDonough, IL",590.02
"McHenry, IL",611.13
"McLean, IL",1186.29
"Macon, IL",585.38
"Macoupin, IL",867.61
"Madison, IL",740.35
"Marion, IL",575.71
"Marshall, IL",398.52
"Mason, IL",563.37
"Massac, IL",242.12
"Menard, IL",315.37
"Mercer, IL",568.88
"Monroe, IL",397.71
"Montgomery, IL",709.75
"Morgan, IL",572.26
"Moultrie, IL",344.47
"Ogle, IL",763.27
"Peoria, IL",630.89
"Perry, IL",446.81
"Piatt, IL",440.33
"Pike, IL",848.87
"Pope, IL",374.64
"Pulaski, IL",203.33
"Putnam, IL",172.24
"Randolph, IL",597.26
"Richland, IL",362.01
"Rock Island, IL",451.16
"St. Clair, IL",673.95
"Saline, IL",386.98
"Sangamon, IL",877.01
"Schuyler, IL",441.39
"Scott, IL",252.77
"Shelby, IL",768.05
"Stark, IL",288.21
"Stephenson, IL",564.72
"Tazewell, IL",657.89
"Union, IL",422.13
"Vermilion, IL",902.14
"Wabash, IL",227.76
"Warren, IL",543.17
"Washington, IL",564.12
"Wayne, IL",715.56
"White, IL",501.7
"Whiteside, IL",697.01
"Will, IL",849.39
"Williamson, IL",444.38
"Winnebago, IL",519.27
"Woodford, IL",542.74
INDIANA,36417.73
"Adams, IN",339.93
"Allen, IN",660.1
"Bartholomew, IN",409.36
"Benton, IN",406.4
"Blackford, IN",165.4
"Boone, IN",423.28
"Brown, IN",316.62
"Carroll, IN",375.05
"Cass, IN",414.92
"Clark, IN",376.2
"Clay, IN",360.39
"Clinton, IN",405.28
"Crawford, IN",308.85
"Daviess, IN",436.86
"Dearborn, IN",307.05
"Decatur, IN",373.42
"DeKalb, IN",363.84
"Delaware, IN",395.92
"Dubois, IN",435.23
"Elkhart, IN",467.85
"Fayette, IN",215.12
"Floyd, IN",148.31
"Fountain, IN",397.92
"Franklin, IN",391.34
"Fulton, IN",371.37
"Gibson, IN",499.05
"Grant, IN",414.83
"Greene, IN",545.91
"Hamilton, IN",402.73
"Hancock, IN",306.73
"Harrison, IN",486.88
"Hendricks, IN",408.88
"Henry, IN",394.9
"Howard, IN",293.93
"Huntington, IN",387.94
"Jackson, IN",513.75
"Jasper, IN",561.22
"Jay, IN",383.82
"Jefferson, IN",362.94
"Jennings, IN",378.35
"Johnson, IN",321.56
"Knox, IN",524.06
"Kosciusko, IN",554.34
"LaGrange, IN",386.72
"Lake, IN",626.34
"LaPorte, IN",613.04
"Lawrence, IN",452.07
"Madison, IN",452.91
"Marion, IN",403.04
"Marshall, IN",449.92
"Martin, IN",340.53
"Miami, IN",377.36
"Monroe, IN",411.32
"Montgomery, IN",505.34
"Morgan, IN",409.39
"Newton, IN",403.53
"Noble, IN",417.61
"Ohio, IN",87.47
"Orange, IN",408.2
"Owen, IN",387.83
"Parke, IN",450.1
"Perry, IN",386.34
"Pike, IN",341.08
"Porter, IN",521.61
"Posey, IN",419.45
"Pulaski, IN",434.57
"Putnam, IN",482.58
"Randolph, IN",453.23
"Ripley, IN",447.91
"Rush, IN",408.62
"St. Joseph, IN",460.97
"Scott, IN",192.73
"Shelby, IN",413.11
"Spencer, IN",401.23
"Starke, IN",312.31
"Steuben, IN",322.48
"Sullivan, IN",454.04
"Switzerland, IN",223.52
"Tippecanoe, IN",503.07
"Tipton, IN",260.41
"Union, IN",165.25
"Vanderburgh, IN",235.74
"Vermillion, IN",259.94
"Vigo, IN",410.47
"Wabash, IN",421.07
"Warren, IN",366.6
"Warrick, IN",390.86
"Washington, IN",516.53
"Wayne, IN",404.34
"Wells, IN",370.41
"White, IN",508.8
"Whitley, IN",337.9
IOWA,56271.55
"Adair, IA",570.31
"Adams, IA",425.41
"Allamakee, IA",658.71
"Appanoose, IA",516.35
"Audubon, IA",443.58
"Benton, IA",718.45
"Black Hawk, IA",571.91
"Boone, IA",573.51
"Bremer, IA",439.6
"Buchanan, IA",573.35
"Buena Vista, IA",580.07
"Butler, IA",581.56
"Calhoun, IA",572.29
"Carroll, IA",570.24
"Cass, IA",565.01
"Cedar, IA",581.96
"Cerro Gordo, IA",575.12
"Cherokee, IA",577.34
"Chickasaw, IA",505.48
"Clarke, IA",431.72
"Clay, IA",572.51
"Clayton, IA",792.81
"Clinton, IA",710.19
"Crawford, IA",714.99
"Dallas, IA",591.73
"Davis, IA",504.89
"Decatur, IA",533.32
"Delaware, IA",579.05
"Des Moines, IA",429.8
"Dickinson, IA",403.69
"Dubuque, IA",616.56
"Emmet, IA",402.38
"Fayette, IA",731.45
"Floyd, IA",501.31
"Franklin, IA",583.01
"Fremont, IA",516.76
"Greene, IA",571.13
"Grundy, IA",502.55
"Guthrie, IA",593.06
"Hamilton, IA",577.44
"Hancock, IA",573.14
"Hardin, IA",569.93
"Harrison, IA",700.93
"Henry, IA",436.68
"Howard, IA",473.76
"Humboldt, IA",435.73
"Ida, IA",432.23
"Iowa, IA",587.35
"Jackson, IA",649.75
"Jasper, IA",732.93
"Jefferson, IA",436.72
"Johnson, IA",623.35
"Jones, IA",576.7
"Keokuk, IA",579.94
"Kossuth, IA",974.39
"Lee, IA",538.77
"Linn, IA",724.55
"Louisa, IA",417.64
"Lucas, IA",434.17
"Lyon, IA",587.63
"Madison, IA",562.3
"Mahaska, IA",573.4
"Marion, IA",570.53
"Marshall, IA",573.02
"Mills, IA",439.67
"Mitchell, IA",469.4
"Monona, IA",698.85
"Monroe, IA",434.11
"Montgomery, IA",424.81
"Muscatine, IA",449.07
"O'Brien, IA",573.25
"Osceola, IA",399.48
"Page, IA",535.35
"Palo Alto, IA",569.4
"Plymouth, IA",863.96
"Pocahontas, IA",579.13
"Polk, IA",591.9
"Pottawattamie, IA",959.94
"Poweshiek, IA",586.17
"Ringgold, IA",538.92
"Sac, IA",578.38
"Scott, IA",468.17
"Shelby, IA",591.37
"Sioux, IA",768.58
"Story, IA",573.7
"Tama, IA",722.37
"Taylor, IA",534.83
"Union, IA",425.95
"Van Buren, IA",490.55
"Wapello, IA",435.98
"Warren, IA",573.21
"Washington, IA",570.77
"Wayne, IA",527.08
"Webster, IA",718.05
"Winnebago, IA",401.57
"Winneshiek, IA",689.88
"Woodbury, IA",877.39
"Worth, IA",401.71
"Wright, IA",582.54
KANSAS,82276.84
"Allen, KS",505.18
"Anderson, KS",584.29
"Atchison, KS",435.04
"Barber, KS",1136.21
"Barton, KS",900.46
"Bourbon, KS",638.82
"Brown, KS",572.2
"Butler, KS",1446.42
"Chase, KS",778.01
"Chautauqua, KS",644.83
"Cherokee, KS",590.96
"Cheyenne, KS",1020.84
"Clark, KS",977.2
"Clay, KS",655.44
"Cloud, KS",718.47
"Coffey, KS",654.57
"Comanche, KS",789.7
"Cowley, KS",1132.6
"Crawford, KS",595.05
"Decatur, KS",894.18
"Dickinson, KS",852.12
"Doniphan, KS",397.07
"Douglas, KS",474.47
"Edwards, KS",622.1
"Elk, KS",650.36
"Ellis, KS",900.47
"Ellsworth, KS",723.44
"Finney, KS",1302.62
"Ford, KS",1099.29
"Franklin, KS",576.65
"Geary, KS",404.39
"Gove, KS",1071.47
"Graham, KS",898.67
"Grant, KS",575.04
"Gray, KS",869.34
"Greeley, KS",778.01
"Greenwood, KS",1152.59
"Hamilton, KS",997.62
"Harper, KS",802.95
"Harvey, KS",540.5
"Haskell, KS",577.73
"Hodgeman, KS",860.24
"Jackson, KS",657.86
"Jefferson, KS",556.94
"Jewell, KS",914.47
"Johnson, KS",480.15
"Kearny, KS",871.5
"Kingman, KS",866.7
"Kiowa, KS",722.62
"Labette, KS",653.3
"Lane, KS",717.43
"Leavenworth, KS",468.33
"Lincoln, KS",719.94
"Linn, KS",606.29
"Logan, KS",1073.09
"Lyon, KS",855.14
"McPherson, KS",901.24
"Marion, KS",953.54
"Marshall, KS",904.36
"Meade, KS",979.66
"Miami, KS",590.15
"Mitchell, KS",718.62
"Montgomery, KS",651.4
"Morris, KS",702.84
"Morton, KS",729.94
"Nemaha, KS",719.4
"Neosho, KS",578.02
"Ness, KS",1075
"Norton, KS",881.39
"Osage, KS",719.23
"Osborne, KS",894.28
"Ottawa, KS",721.9
"Pawnee, KS",754.56
"Phillips, KS",894.81
"Pottawatomie, KS",862.07
"Pratt, KS",735.76
"Rawlins, KS",1069.72
"Reno, KS",1271.25
"Republic, KS",720.31
"Rice, KS",728.3
"Riley, KS",622.11
"Rooks, KS",895.36
"Rush, KS",718.42
"Russell, KS",898.98
"Saline, KS",721.28
"Scott, KS",717.64
"Sedgwick, KS",1009.41
"Seward, KS",640.51
"Shawnee, KS",556.32
"Sheridan, KS",896.61
"Sherman, KS",1056.01
"Smith, KS",896.53
"Stafford, KS",794.72
"Stanton, KS",680.06
"Stevens, KS",727.71
"Sumner, KS",1184.78
"Thomas, KS",1074.9
"Trego, KS",899.02
"Wabaunsee, KS",799.8
"Wallace, KS",914.05
"Washington, KS",898.84
"Wichita, KS",718.54
"Wilson, KS",574.97
"Woodson, KS",505.45
"Wyandotte, KS",155.69
KENTUCKY,40409.02
"Adair, KY",412.23
"Allen, KY",352.04
"Anderson, KY",204.28
"Ballard, KY",273.6
"Barren, KY",499.93
"Bath, KY",283.94
"Bell, KY",361.35
"Boone, KY",256.96
"Bourbon, KY",291.66
"Boyd, KY",161.82
"Boyle, KY",182.99
"Bracken, KY",208.89
"Breathitt, KY",495.29
"Breckinridge, KY",585.53
"Bullitt, KY",300.2
"Butler, KY",431.52
"Caldwell, KY",348.18
"Calloway, KY",410.79
"Campbell, KY",159.43
"Carlisle, KY",199.02
"Carroll, KY",137.27
"Carter, KY",412.15
"Casey, KY",445.73
"Christian, KY",724.01
"Clark, KY",255.16
"Clay, KY",471.08
"Clinton, KY",205.54
"Crittenden, KY",370.95
"Cumberland, KY",310.85
"Daviess, KY",476.27
"Edmonson, KY",308.01
"Elliott, KY",235.2
"Estill, KY",255.7
"Fayette, KY",285.52
"Fleming, KY",351.47
"Floyd, KY",395.46
"Franklin, KY",212.11
"Fulton, KY",230.55
"Gallatin, KY",104.67
"Garrard, KY",233.88
"Grant, KY",260.79
"Graves, KY",556.46
"Grayson, KY",510.85
"Green, KY",288.78
"Greenup, KY",354.51
"Hancock, KY",198.92
"Hardin, KY",629.86
"Harlan, KY",467.97
"Harrison, KY",309.88
"Hart, KY",417.91
"Henderson, KY",467.24
"Henry, KY",291.11
"Hickman, KY",252.94
"Hopkins, KY",554.23
"Jackson, KY",346.57
"Jefferson, KY",398.58
"Jessamine, KY",174.45
"Johnson, KY",263.94
"Kenton, KY",164.38
"Knott, KY",353.01
"Knox, KY",387.71
"Larue, KY",263.72
"Laurel, KY",443.74
"Lawrence, KY",420.12
"Lee, KY",211.22
"Leslie, KY",404.36
"Letcher, KY",339.12
"Lewis, KY",495.7
"Lincoln, KY",336.47
"Livingston, KY",342.2
"Logan, KY",557.1
"Lyon, KY",256.42
"McCracken, KY",268.08
"McCreary, KY",430.64
"McLean, KY",256.17
"Madison, KY",443.11
"Magoffin, KY",309.44
"Marion, KY",346.86
"Marshall, KY",340.32
"Martin, KY",230.81
"Mason, KY",246.6
"Meade, KY",324.22
"Menifee, KY",206.03
"Mercer, KY",253.11
"Metcalfe, KY",290.96
"Monroe, KY",332.11
"Montgomery, KY",198.8
"Morgan, KY",383.73
"Muhlenberg, KY",479.43
"Nelson, KY",424.07
"Nicholas, KY",196.85
"Ohio, KY",596.73
"Oldham, KY",196.54
"Owen, KY",354.16
"Owsley, KY",198.09
"Pendleton, KY",281.87
"Perry, KY",342.64
"Pike, KY",788.84
"Powell, KY",180.2
"Pulaski, KY",677.05
"Robertson, KY",100.11
"Rockcastle, KY",318.06
"Rowan, KY",286.25
"Russell, KY",282.82
"Scott, KY",285.3
"Shelby, KY",385.65
"Simpson, KY",236.19
"Spencer, KY",191.8
"Taylor, KY",277.05
"Todd, KY",376.97
"Trigg, KY",481.13
"Trimble, KY",156.23
"Union, KY",363.43
"Warren, KY",547.69
"Washington, KY",301.52
"Wayne, KY",484.2
"Webster, KY",335.68
"Whitley, KY",445.15
"Wolfe, KY",222.86
"Woodford, KY",191.98
LOUISIANA,51839.7
"Acadia, LA",657.62
"Allen, LA",765.67
"Ascension, LA",302.88
"Assumption, LA",364.55
"Avoyelles, LA",865.67
"Beauregard, LA",1165.99
"Bienville, LA",821.77
"Bossier, LA",866.93
"Caddo, LA",936.9
"Calcasieu, LA",1094.34
"Caldwell, LA",540.72
"Cameron, LA",1931.6
"Catahoula, LA",739.43
"Claiborne, LA",767.55
"Concordia, LA",748.68
"De Soto, LA",894.49
"East Baton Rouge, LA",470.54
"East Carroll, LA",442.45
"East Feliciana, LA",455.69
"Evangeline, LA",679.61
"Franklin, LA",635.43
"Grant, LA",664.56
"Iberia, LA",1030.86
"Iberville, LA",652.84
"Jackson, LA",580.34
"Jefferson, LA",642.41
"Jefferson Davis, LA",658.58
"Lafayette, LA",270.29
"Lafourche, LA",1472.19
"La Salle, LA",662.36
"Lincoln, LA",472.27
"Livingston, LA",702.84
"Madison, LA",650.53
"Morehouse, LA",805.2
"Natchitoches, LA",1299.3
"Orleans, LA",350.21
"Ouachita, LA",632.7
"Plaquemines, LA",2428.54
"Pointe Coupee, LA",590.68
"Rapides, LA",1361.96
"Red River, LA",402.08
"Richland, LA",564.51
"Sabine, LA",1011.51
"St. Bernard, LA",1793.75
"St. Charles, LA",410.16
"St. Helena, LA",409.46
"St. James, LA",257.79
"St. John the Baptist, LA",347.84
"St. Landry, LA",938.83
"St. Martin, LA",816.46
"St. Mary, LA",1118.83
"St. Tammany, LA",1124.08
"Tangipahoa, LA",823.12
"Tensas, LA",641.2
"Terrebonne, LA",2079.9
"Union, LA",905.28
"Vermilion, LA",1538.31
"Vernon, LA",1341.51
"Washington, LA",675.97
"Webster, LA",615.07
"West Baton Rouge, LA",203.62
"West Carroll, LA",360.32
"West Feliciana, LA",426.01
"Winn, LA",956.91
MAINE,35384.65
"Androscoggin, ME",497.23
"Aroostook, ME",6828.79
"Cumberland, ME",1216.89
"Franklin, ME",1744.31
"Hancock, ME",2351.03
"Kennebec, ME",951.18
"Knox, ME",1142.1
"Lincoln, ME",699.81
"Oxford, ME",2175.26
"Penobscot, ME",3556.14
"Piscataquis, ME",4377.36
"Sagadahoc, ME",370.19
"Somerset, ME",4095.37
"Waldo, ME",852.74
"Washington, ME",3254.91
"York, ME",1271.34
MARYLAND,12406.68
"Allegany, MD",429.82
"Anne Arundel, MD",587.9
"Baltimore, MD",682.03
"Calvert, MD",345.09
"Caroline, MD",326.06
"Carroll, MD",452.4
"Cecil, MD",417.88
"Charles, MD",643.22
"Dorchester, MD",982.92
"Frederick, MD",667.34
"Garrett, MD",655.9
"Harford, MD",526.72
"Howard, MD",253.55
"Kent, MD",414.31
"Montgomery, MD",507.14
"Prince George's, MD",498.45
"Queen Anne's, MD",509.79
"St. Mary's, MD",764.5
"Somerset, MD",610.78
"Talbot, MD",476.77
"Washington, MD",467.55
"Wicomico, MD",399.79
"Worcester, MD",694.73
"Baltimore city, MD",92.08
MASSACHUSETTS,10554.57
"Barnstable, MA",1305.62
"Berkshire, MA",946.27
"Bristol, MA",691.19
"Dukes, MA",490.95
"Essex, MA",828.53
"Franklin, MA",724.74
"Hampden, MA",634.12
"Hampshire, MA",545.44
"Middlesex, MA",847.54
"Nantucket, MA",303.64
"Norfolk, MA",443.94
"Plymouth, MA",1093.39
"Suffolk, MA",120.19
"Worcester, MA",1579.02
MICHIGAN,96716.11
"Alcona, MI",1790.54
"Alger, MI",5049.08
"Allegan, MI",1833.3
"Alpena, MI",1695
"Antrim, MI",601.9
"Arenac, MI",680.81
"Baraga, MI",1068.85
"Barry, MI",576.9
"Bay, MI",630.91
"Benzie, MI",859.64
"Berrien, MI",1581.38
"Branch, MI",519.49
"Calhoun, MI",718.44
"Cass, MI",508.46
"Charlevoix, MI",1390.76
"Cheboygan, MI",885.23
"Chippewa, MI",2697.98
"Clare, MI",575.22
"Clinton, MI",574.57
"Crawford, MI",563.37
"Delta, MI",1991.58
"Dickinson, MI",777.12
"Eaton, MI",579.02
"Emmet, MI",882.26
"Genesee, MI",649.34
"Gladwin, MI",516.43
"Gogebic, MI",1476.43
"Grand Traverse, MI",601.13
"Gratiot, MI",571.61
"Hillsdale, MI",607.14
"Houghton, MI",1501.56
"Huron, MI",2136.47
"Ingham, MI",560.94
"Ionia, MI",580.23
"Iosco, MI",1890.77
"Iron, MI",1211.02
"Isabella, MI",577.75
"Jackson, MI",723.76
"Kalamazoo, MI",580.18
"Kalkaska, MI",570.76
"Kent, MI",872.18
"Keweenaw, MI",5965.96
"Lake, MI",574.6
"Lapeer, MI",663.08
"Leelanau, MI",2532.38
"Lenawee, MI",761.31
"Livingston, MI",585.43
"Luce, MI",1911.89
"Mackinac, MI",2100.55
"Macomb, MI",569.78
"Manistee, MI",1280.77
"Marquette, MI",3425.17
"Mason, MI",1241.86
"Mecosta, MI",571.1
"Menominee, MI",1337.99
"Midland, MI",527.89
"Missaukee, MI",573.82
"Monroe, MI",680.03
"Montcalm, MI",720.98
"Montmorency, MI",562.44
"Muskegon, MI",1459.3
"Newaygo, MI",861.39
"Oakland, MI",908
"Oceana, MI",1306.73
"Ogemaw, MI",574.63
"Ontonagon, MI",3741.45
"Osceola, MI",573.1
"Oscoda, MI",571.57
"Otsego, MI",525.98
"Ottawa, MI",1631.97
"Presque Isle, MI",2572.75
"Roscommon, MI",579.84
"Saginaw, MI",815.78
"St. Clair, MI",836.63
"St. Joseph, MI",521.15
"Sanilac, MI",1590.22
"Schoolcraft, MI",1883.69
"Shiawassee, MI",540.73
"Tuscola, MI",913.82
"Van Buren, MI",1090.19
"Washtenaw, MI",722.53
"Wayne, MI",672.2
"Wexford, MI",575.84
MINNESOTA,86938.87
"Aitkin, MN",1995.31
"Anoka, MN",446.26
"Becker, MN",1445.11
"Beltrami, MN",3055.59
"Benton, MN",413
"Big Stone, MN",527.88
"Blue Earth, MN",765.9
"Brown, MN",618.6
"Carlton, MN",875.23
"Carver, MN",376.15
"Cass, MN",2414.21
"Chippewa, MN",587.83
"Chisago, MN",442.49
"Clay, MN",1052.74
"Clearwater, MN",1029.79
"Cook, MN",3339.72
"Cottonwood, MN",648.91
"Crow Wing, MN",1156.56
"Dakota, MN",586.33
"Dodge, MN",439.63
"Douglas, MN",719.94
"Faribault, MN",721.61
"Fillmore, MN",862.15
"Freeborn, MN",722.63
"Goodhue, MN",780.44
"Grant, MN",575.18
"Hennepin, MN",606.38
"Houston, MN",568.91
"Hubbard, MN",999.39
"Isanti, MN",451.87
"Itasca, MN",2927.78
"Jackson, MN",719.46
"Kanabec, MN",533.38
"Kandiyohi, MN",861.97
"Kittson, MN",1103.51
"Koochiching, MN",3154.32
"Lac qui Parle, MN",778.05
"Lake, MN",2990.82
"Lake of the Woods, MN",1775.05
"Le Sueur, MN",473.86
"Lincoln, MN",548.44
"Lyon, MN",721.46
"McLeod, MN",505.67
"Mahnomen, MN",582.99
"Marshall, MN",1812.79
"Martin, MN",729.56
"Meeker, MN",645.08
"Mille Lacs, MN",681.77
"Morrison, MN",1153.32
"Mower, MN",711.71
"Murray, MN",719.52
"Nicollet, MN",466.95
"Nobles, MN",722.33
"Norman, MN",876.82
"Olmsted, MN",654.5
"Otter Tail, MN",2224.91
"Pennington, MN",618.34
"Pine, MN",1434.57
"Pipestone, MN",466.15
"Polk, MN",1997.81
"Pope, MN",717.29
"Ramsey, MN",170.13
"Red Lake, MN",432.51
"Redwood, MN",881.24
"Renville, MN",987.22
"Rice, MN",516.13
"Rock, MN",482.84
"Roseau, MN",1678.33
"St. Louis, MN",6859.91
"Scott, MN",368.56
"Sherburne, MN",451
"Sibley, MN",600.41
"Stearns, MN",1389.93
"Steele, MN",432.16
"Stevens, MN",575.24
"Swift, MN",752.35
"Todd, MN",979.34
"Traverse, MN",585.96
"Wabasha, MN",549.83
"Wadena, MN",543
"Waseca, MN",432.81
"Washington, MN",423.16
"Watonwan, MN",439.92
"Wilkin, MN",751.63
"Winona, MN",641.59
"Wright, MN",714.39
"Yellow Medicine, MN",763.39
MISSISSIPPI,48430.19
"Adams, MS",486.25
"Alcorn, MS",401.35
"Amite, MS",731.64
"Attala, MS",737.1
"Benton, MS",408.65
"Bolivar, MS",905.76
"Calhoun, MS",587.97
"Carroll, MS",634.54
"Chickasaw, MS",504.27
"Choctaw, MS",419.81
"Claiborne, MS",501.36
"Clarke, MS",693.41
"Clay, MS",416.02
"Coahoma, MS",583.14
"Copiah, MS",779.38
"Covington, MS",414.94
"DeSoto, MS",496.77
"Forrest, MS",470.17
"Franklin, MS",566.74
"George, MS",483.63
"Greene, MS",718.69
"Grenada, MS",449.38
"Hancock, MS",552.53
"Harrison, MS",976.15
"Hinds, MS",877.35
"Holmes, MS",764.18
"Humphreys, MS",431.16
"Issaquena, MS",441.36
"Itawamba, MS",540.42
"Jackson, MS",1043.3
"Jasper, MS",677.44
"Jefferson, MS",527.19
"Jefferson Davis, MS",409.1
"Jones, MS",699.73
"Kemper, MS",767
"Lafayette, MS",679.29
"Lamar, MS",500.49
"Lauderdale, MS",715.28
"Lawrence, MS",435.73
"Leake, MS",585.39
"Lee, MS",453.14
"Leflore, MS",606.35
"Lincoln, MS",588.17
"Lowndes, MS",516.45
"Madison, MS",741.97
"Marion, MS",548.58
"Marshall, MS",709.8
"Monroe, MS",772.04
"Montgomery, MS",407.86
"Neshoba, MS",571.64
"Newton, MS",579.58
"Noxubee, MS",700.05
"Oktibbeha, MS",461.9
"Panola, MS",705.13
"Pearl River, MS",818.93
"Perry, MS",650.2
"Pike, MS",410.78
"Pontotoc, MS",500.99
"Prentiss, MS",418.24
"Quitman, MS",406.49
"Rankin, MS",806.09
"Scott, MS",610.38
"Sharkey, MS",434.88
"Simpson, MS",590.53
"Smith, MS",637.27
"Stone, MS",448.07
"Sunflower, MS",707.22
"Tallahatchie, MS",652.08
"Tate, MS",410.95
"Tippah, MS",459.97
"Tishomingo, MS",444.54
"Tunica, MS",480.78
"Union, MS",416.87
"Walthall, MS",404.44
"Warren, MS",618.76
"Washington, MS",761.26
"Wayne, MS",813.5
"Webster, MS",423.34
"Wilkinson, MS",687.66
"Winston, MS",610.11
"Yalobusha, MS",495
"Yazoo, MS",934.12
MISSOURI,69704.31
"Adair, MO",569.32
"Andrew, MO",436.5
"Atchison, MO",547.36
"Audrain, MO",696.79
"Barry, MO",790.89
"Barton, MO",596.72
"Bates, MO",851.37
"Benton, MO",752.48
"Bollinger, MO",621.2
"Boone, MO",691.31
"Buchanan, MO",414.57
"Butler, MO",698.97
"Caldwell, MO",429.72
"Callaway, MO",847.03
"Camden, MO",708.86
"Cape Girardeau, MO",586.29
"Carroll, MO",702.3
"Carter, MO",509.02
"Cass, MO",702.67
"Cedar, MO",498.51
"Chariton, MO",768.25
"Christian, MO",564.05
"Clark, MO",511.9
"Clay, MO",408.86
"Clinton, MO",423.47
"Cole, MO",399.08
"Cooper, MO",570.22
"Crawford, MO",743.79
"Dade, MO",506.3
"Dallas, MO",542.83
"Daviess, MO",569.07
"DeKalb, MO",425.77
"Dent, MO",754.51
"Douglas, MO",814.6
"Dunklin, MO",547.11
"Franklin, MO",930.65
"Gasconade, MO",526.09
"Gentry, MO",491.81
"Greene, MO",677.8
"Grundy, MO",437.98
"Harrison, MO",726.45
"Henry, MO",732.55
"Hickory, MO",411.74
"Holt, MO",469.05
"Howard, MO",470.55
"Howell, MO",928.33
"Iron, MO",552.05
"Jackson, MO",616.41
"Jasper, MO",641.32
"Jefferson, MO",664.09
"Johnson, MO",833.03
"Knox, MO",506.77
"Laclede, MO",768
"Lafayette, MO",638.86
"Lawrence, MO",613.38
"Lewis, MO",510.85
"Lincoln, MO",640.41
"Linn, MO",621.46
"Livingston, MO",538.48
"McDonald, MO",539.7
"Macon, MO",812.53
"Madison, MO",497.6
"Maries, MO",529.97
"Marion, MO",444.05
"Mercer, MO",455.18
"Miller, MO",599.94
"Mississippi, MO",428.91
"Moniteau, MO",418.85
"Monroe, MO",670.23
"Montgomery, MO",540.34
"Morgan, MO",613.89
"New Madrid, MO",698.02
"Newton, MO",626.66
"Nodaway, MO",877.75
"Oregon, MO",791.59
"Osage, MO",613.41
"Ozark, MO",755.07
"Pemiscot, MO",512.41
"Perry, MO",484.28
"Pettis, MO",686.34
"Phelps, MO",674.28
"Pike, MO",684.81
"Platte, MO",427.22
"Polk, MO",642.46
"Pulaski, MO",551.41
"Putnam, MO",519.66
"Ralls, MO",483.82
"Randolph, MO",487.65
"Ray, MO",573.57
"Reynolds, MO",814.41
"Ripley, MO",631.66
"St. Charles, MO",592.35
"St. Clair, MO",701.9
"Ste. Genevieve, MO",508.94
"St. Francois, MO",452.4
"St. Louis, MO",523.69
"Saline, MO",764.59
"Schuyler, MO",308.16
"Scotland, MO",439.25
"Scott, MO",426.04
"Shannon, MO",1003.99
"Shelby, MO",502.43
"Stoddard, MO",828.94
"Stone, MO",510.91
"Sullivan, MO",651.43
"Taney, MO",651.48
"Texas, MO",1179.24
"Vernon, MO",837.04
"Warren, MO",437.74
"Washington, MO",762.46
"Wayne, MO",774.09
"Webster, MO",593.69
"Worth, MO",266.75
"Wright, MO",683.18
"St. Louis city, MO",66.15
MONTANA,147042.4
"Beaverhead, MT",5572.04
"Big Horn, MT",5014.65
"Blaine, MT",4238.92
"Broadwater, MT",1238.94
"Carbon, MT",2062.19
"Carter, MT",3348.29
"Cascade, MT",2711.65
"Chouteau, MT",3997
"Custer, MT",3793.22
"Daniels, MT",1426.52
"Dawson, MT",2383.13
"Deer Lodge, MT",741.16
"Fallon, MT",1623.02
"Fergus, MT",4350.36
"Flathead, MT",5256.45
"Gallatin, MT",2631.84
"Garfield, MT",4847.54
"Glacier, MT",3037.11
"Golden Valley, MT",1176.4
"Granite, MT",1733.11
"Hill, MT",2916.05
"Jefferson, MT",1658.83
"Judith Basin, MT",1870.71
"Lake, MT",1653.72
"Lewis and Clark, MT",3497.56
"Liberty, MT",1447.19
"Lincoln, MT",3675.11
"McCone, MT",2682.77
"Madison, MT",3602.85
"Meagher, MT",2394.83
"Mineral, MT",1223.38
"Missoula, MT",2618.34
"Musselshell, MT",1870.91
"Park, MT",2813.59
"Petroleum, MT",1674.01
"Phillips, MT",5212.17
"Pondera, MT",1639.85
"Powder River, MT",3297.94
"Powell, MT",2332.68
"Prairie, MT",1742.56
"Ravalli, MT",2400.32
"Richland, MT",2103.02
"Roosevelt, MT",2369.65
"Rosebud, MT",5026.94
"Sanders, MT",2790.03
"Sheridan, MT",1706.3
"Silver Bow, MT",718.97
"Stillwater, MT",1804.61
"Sweet Grass, MT",1862
"Teton, MT",2292.58
"Toole, MT",1945.86
"Treasure, MT",984.11
"Valley, MT",5061.98
"Wheatland, MT",1428.29
"Wibaux, MT",890.09
"Yellowstone, MT",2649.05
"Yellowstone National Park, MT",0
NEBRASKA,77353.73
"Adams, NE",564.16
"Antelope, NE",858.43
"Arthur, NE",718.32
"Banner, NE",746.37
"Blaine, NE",714.34
"Boone, NE",687.25
"Box Butte, NE",1077.84
"Boyd, NE",544.59
"Brown, NE",1225.08
"Buffalo, NE",975.27
"Burt, NE",497.1
"Butler, NE",584.41
"Cass, NE",566.21
"Cedar, NE",745.81
"Chase, NE",897.63
"Cherry, NE",6009.54
"Cheyenne, NE",1196.45
"Clay, NE",573.53
"Colfax, NE",418.58
"Cuming, NE",574.54
"Custer, NE",2576.08
"Dakota, NE",267.39
"Dawes, NE",1400.86
"Dawson, NE",1019.3
"Deuel, NE",440.79
"Dixon, NE",482.72
"Dodge, NE",543.92
"Douglas, NE",339.6
"Dundy, NE",920.79
"Fillmore, NE",576.62
"Franklin, NE",576.11
"Frontier, NE",980.06
"Furnas, NE",720.51
"Gage, NE",859.94
"Garden, NE",1731
"Garfield, NE",571.34
"Gosper, NE",462.74
"Grant, NE",783.23
"Greeley, NE",570.71
"Hall, NE",552.22
"Hamilton, NE",546.77
"Harlan, NE",574.18
"Hayes, NE",713.33
"Hitchcock, NE",718.57
"Holt, NE",2417.65
"Hooker, NE",721.51
"Howard, NE",575.74
"Jefferson, NE",575.5
"Johnson, NE",376.82
"Kearney, NE",516.13
"Keith, NE",1109.77
"Keya Paha, NE",774.17
"Kimball, NE",952.31
"Knox, NE",1139.65
"Lancaster, NE",846.71
"Lincoln, NE",2575.1
"Logan, NE",571.15
"Loup, NE",571.02
"McPherson, NE",860.02
"Madison, NE",575.05
"Merrick, NE",494.72
"Morrill, NE",1429.81
"Nance, NE",448.04
"Nemaha, NE",411.89
"Nuckolls, NE",575.96
"Otoe, NE",619.09
"Pawnee, NE",432.95
"Perkins, NE",884.27
"Phelps, NE",540.6
"Pierce, NE",575.27
"Platte, NE",689.08
"Polk, NE",440.72
"Red Willow, NE",718.06
"Richardson, NE",555.95
"Rock, NE",1011.85
"Saline, NE",576.06
"Sarpy, NE",247.28
"Saunders, NE",758.82
"Scotts Bluff, NE",745.5
"Seward, NE",575.73
"Sheridan, NE",2469.99
"Sherman, NE",571.63
"Sioux, NE",2067.32
"Stanton, NE",431.06
"Thayer, NE",575.3
"Thomas, NE",713.65
"Thurston, NE",396.25
"Valley, NE",570.51
"Washington, NE",393.76
"Wayne, NE",443.48
"Webster, NE",575.02
"Wheeler, NE",575.57
"York, NE",576.02
NEVADA,110560.71
"Churchill, NV",5023.38
"Clark, NV",8090.66
"Douglas, NV",737.65
"Elko, NV",17202.94
"Esmeralda, NV",3589
"Eureka, NV",4179.96
"Humboldt, NV",9657.87
"Lander, NV",5519.47
"Lincoln, NV",10636.77
"Lyon, NV",2016.4
"Mineral, NV",3812.97
"Nye, NV",18158.73
"Pershing, NV",6067.55
"Storey, NV",263.8
"Washoe, NV",6551.32
"White Pine, NV",8896.6
"Carson City city, NV",155.66
NEW HAMPSHIRE,9349.94
"Belknap, NH",468.55
"Carroll, NH",992.24
"Cheshire, NH",729.15
"Coos, NH",1831.44
"Grafton, NH",1750.08
"Hillsborough, NH",892.2
"Merrimack, NH",956.49
"Rockingham, NH",793.96
"Strafford, NH",383.91
"Sullivan, NH",551.92
NEW JERSEY,8721.3
"Atlantic, NJ",671.45
"Bergen, NJ",246.8
"Burlington, NJ",819.43
"Camden, NJ",227.58
"Cape May, NJ",620.28
"Cumberland, NJ",676.59
"Essex, NJ",129.56
"Gloucester, NJ",336.92
"Hudson, NJ",62.43
"Hunterdon, NJ",437.76
"Mercer, NJ",228.84
"Middlesex, NJ",322.51
"Monmouth, NJ",665.12
"Morris, NJ",481.29
"Ocean, NJ",915.88
"Passaic, NJ",197.05
"Salem, NJ",372.57
"Somerset, NJ",305.05
"Sussex, NJ",535.99
"Union, NJ",105.46
"Warren, NJ",362.75
NEW MEXICO,121589.48
"Bernalillo, NM",1168.65
"Catron, NM",6929.03
"Chaves, NM",6075.07
"Cibola, NM",4541.71
"Colfax, NM",3768.05
"Curry, NM",1407.67
"De Baca, NM",2333.83
"Dona Ana, NM",3814.62
"Eddy, NM",4197.57
"Grant, NM",3967.5
"Guadalupe, NM",3031.58
"Harding, NM",2125.95
"Hidalgo, NM",3445.91
"Lea, NM",4394.02
"Lincoln, NM",4831.25
"Los Alamos, NM",109.35
"Luna, NM",2965.28
"McKinley, NM",5455.22
"Mora, NM",1933.48
"Otero, NM",6627.43
"Quay, NM",2881.8
"Rio Arriba, NM",5896.1
"Roosevelt, NM",2454.87
"Sandoval, NM",3714.32
"San Juan, NM",5538.36
"San Miguel, NM",4735.63
"Santa Fe, NM",1910.79
"Sierra, NM",4236.3
"Socorro, NM",6648.71
"Taos, NM",2204.62
"Torrance, NM",3345.81
"Union, NM",3830.79
"Valencia, NM",1068.21
NEW YORK,54556
"Albany, NY",533.21
"Allegany, NY",1034.42
"Bronx, NY",57.43
"Broome, NY",715.46
"Cattaraugus, NY",1322.25
"Cayuga, NY",863.64
"Chautauqua, NY",1500.02
"Chemung, NY",410.79
"Chenango, NY",898.7
"Clinton, NY",1117.61
"Columbia, NY",648.27
"Cortland, NY",501.52
"Delaware, NY",1468.04
"Dutchess, NY",825.38
"Erie, NY",1226.89
"Essex, NY",1916.5
"Franklin, NY",1697.44
"Fulton, NY",532.9
"Genesee, NY",495.33
"Greene, NY",658.13
"Hamilton, NY",1807.81
"Herkimer, NY",1458.35
"Jefferson, NY",1857.08
"Kings, NY",96.9
"Lewis, NY",1289.89
"Livingston, NY",640.44
"Madison, NY",661.54
"Monroe, NY",1365.61
"Montgomery, NY",410.32
"Nassau, NY",453.08
"New York, NY",33.77
"Niagara, NY",1139.83
"Oneida, NY",1257.11
"Onondaga, NY",805.69
"Ontario, NY",662.43
"Orange, NY",838.55
"Orleans, NY",817.47
"Oswego, NY",1312.18
"Otsego, NY",1015.1
"Putnam, NY",246.25
"Queens, NY",178.28
"Rensselaer, NY",665.39
"Richmond, NY",102.5
"Rockland, NY",199.34
"St. Lawrence, NY",2821.48
"Saratoga, NY",843.71
"Schenectady, NY",209.62
"Schoharie, NY",626.36
"Schuyler, NY",342.22
"Seneca, NY",390.51
"Steuben, NY",1404.1
"Suffolk, NY",2373.07
"Sullivan, NY",996.85
"Tioga, NY",522.91
"Tompkins, NY",491.63
"Ulster, NY",1160.76
"Warren, NY",931.66
"Washington, NY",845.84
"Wayne, NY",1384.14
"Westchester, NY",500.08
"Wyoming, NY",596.44
"Yates, NY",375.76
NORTH CAROLINA,53818.51
"Alamance, NC",434.77
"Alexander, NC",263.14
"Alleghany, NC",235.52
"Anson, NC",537.13
"Ashe, NC",426.78
"Avery, NC",247.21
"Beaufort, NC",958.69
"Bertie, NC",741.22
"Bladen, NC",887.13
"Brunswick, NC",1050.01
"Buncombe, NC",659.8
"Burke, NC",514.89
"Cabarrus, NC",364.98
"Caldwell, NC",474.29
"Camden, NC",305.7
"Carteret, NC",1340.53
"Caswell, NC",428.43
"Catawba, NC",413.51
"Chatham, NC",709.05
"Cherokee, NC",466.68
"Chowan, NC",233.31
"Clay, NC",220.6
"Cleveland, NC",468.6
"Columbus, NC",953.6
"Craven, NC",774.14
"Cumberland, NC",658.46
"Currituck, NC",525.65
"Dare, NC",1561.51
"Davidson, NC",566.77
"Davie, NC",266.89
"Duplin, NC",819.11
"Durham, NC",297.79
"Edgecombe, NC",506.58
"Forsyth, NC",412.92
"Franklin, NC",494.59
"Gaston, NC",363.54
"Gates, NC",345.6
"Graham, NC",301.6
"Granville, NC",536.56
"Greene, NC",265.89
"Guilford, NC",657.7
"Halifax, NC",731.35
"Harnett, NC",601.3
"Haywood, NC",554.62
"Henderson, NC",375.04
"Hertford, NC",360.42
"Hoke, NC",392.34
"Hyde, NC",1424
"Iredell, NC",597.01
"Jackson, NC",494.5
"Johnston, NC",795.79
"Jones, NC",473.32
"Lee, NC",259.33
"Lenoir, NC",402.09
"Lincoln, NC",307.03
"McDowell, NC",446.41
"Macon, NC",519.47
"Madison, NC",451.59
"Martin, NC",461.49
"Mecklenburg, NC",546.22
"Mitchell, NC",222.14
"Montgomery, NC",501.64
"Moore, NC",705.67
"Nash, NC",542.69
"New Hanover, NC",327.92
"Northampton, NC",550.61
"Onslow, NC",908.56
"Orange, NC",401.21
"Pamlico, NC",566.23
"Pasquotank, NC",289.44
"Pender, NC",932.64
"Perquimans, NC",328.93
"Person, NC",404.09
"Pitt, NC",654.77
"Polk, NC",238.6
"Randolph, NC",789.93
"Richmond, NC",479.58
"Robeson, NC",951.03
"Rockingham, NC",572.33
"Rowan, NC",523.86
"Rutherford, NC",565.9
"Sampson, NC",947.45
"Scotland, NC",320.64
"Stanly, NC",404.26
"Stokes, NC",455.89
"Surry, NC",537.79
"Swain, NC",540.64
"Transylvania, NC",380.56
"Tyrrell, NC",600.3
"Union, NC",639.59
"Vance, NC",269.82
"Wake, NC",857.26
"Warren, NC",443.8
"Washington, NC",424.39
"Watauga, NC",312.73
"Wayne, NC",556.69
"Wilkes, NC",759.93
"Wilson, NC",374.26
"Yadkin, NC",337.49
"Yancey, NC",313.11
NORTH DAKOTA,70699.79
"Adams, ND",988.84
"Barnes, ND",1513.23
"Benson, ND",1439.27
"Billings, ND",1153.4
"Bottineau, ND",1697.74
"Bowman, ND",1166.99
"Burke, ND",1129.26
"Burleigh, ND",1668.04
"Cass, ND",1767.91
"Cavalier, ND",1510.14
"Dickey, ND",1141.66
"Divide, ND",1294.18
"Dunn, ND",2082.25
"Eddy, ND",644.23
"Emmons, ND",1554.72
"Foster, ND",646.72
"Golden Valley, ND",1002.36
"Grand Forks, ND",1439.83
"Grant, ND",1665.92
"Griggs, ND",716.17
"Hettinger, ND",1133.7
"Kidder, ND",1433.21
"LaMoure, ND",1150.81
"Logan, ND",1011.07
"McHenry, ND",1911.71
"McIntosh, ND",995.04
"McKenzie, ND",2860.89
"McLean, ND",2328.17
"Mercer, ND",1112.42
"Morton, ND",1945.28
"Mountrail, ND",1941.08
"Nelson, ND",1008.74
"Oliver, ND",731.19
"Pembina, ND",1121.74
"Pierce, ND",1082.16
"Ramsey, ND",1300.88
"Ransom, ND",864.13
"Renville, ND",892.03
"Richland, ND",1445.73
"Rolette, ND",939.33
"Sargent, ND",867.09
"Sheridan, ND",1005.78
"Sioux, ND",1128.3
"Slope, ND",1219.22
"Stark, ND",1340.46
"Steele, ND",715.49
"Stutsman, ND",2298.26
"Towner, ND",1041.56
"Traill, ND",862.53
"Walsh, ND",1294.11
"Ward, ND",2056.25
"Wells, ND",1290.62
"Williams, ND",2147.97
OHIO,44824.9
"Adams, OH",585.79
"Allen, OH",406.88
"Ashland, OH",426.85
"Ashtabula, OH",1368.47
"Athens, OH",508.54
"Auglaize, OH",401.72
"Belmont, OH",541.39
"Brown, OH",495.22
"Butler, OH",470.2
"Carroll, OH",399.01
"Champaign, OH",429.71
"Clark, OH",403.56
"Clermont, OH",457.67
"Clinton, OH",412.29
"Columbiana, OH",535.18
"Coshocton, OH",567.58
"Crawford, OH",402.83
"Cuyahoga, OH",1245.56
"Darke, OH",600.29
"Defiance, OH",414.19
"Delaware, OH",455.97
"Erie, OH",626.15
"Fairfield, OH",508.6
"Fayette, OH",407.08
"Franklin, OH",543.32
"Fulton, OH",407.32
"Gallia, OH",471.13
"Geauga, OH",408.29
"Greene, OH",416.21
"Guernsey, OH",528.29
"Hamilton, OH",412.78
"Hancock, OH",533.6
"Hardin, OH",470.54
"Harrison, OH",410.79
"Henry, OH",419.98
"Highland, OH",557.84
"Hocking, OH",423.6
"Holmes, OH",424.02
"Huron, OH",494.52
"Jackson, OH",421.5
"Jefferson, OH",410.87
"Knox, OH",529.53
"Lake, OH",978.87
"Lawrence, OH",457.28
"Licking, OH",688.38
"Logan, OH",466.78
"Lorain, OH",923.02
"Lucas, OH",595.88
"Madison, OH",466.18
"Mahoning, OH",423.38
"Marion, OH",404.15
"Medina, OH",423.11
"Meigs, OH",432.38
"Mercer, OH",473.29
"Miami, OH",409.22
"Monroe, OH",457.46
"Montgomery, OH",464.34
"Morgan, OH",421.86
"Morrow, OH",407.36
"Muskingum, OH",672.59
"Noble, OH",404.59
"Ottawa, OH",585.12
"Paulding, OH",418.9
"Perry, OH",412.59
"Pickaway, OH",506.79
"Pike, OH",443.94
"Portage, OH",507.11
"Preble, OH",426.33
"Putnam, OH",484.23
"Richland, OH",500.33
"Ross, OH",692.96
"Sandusky, OH",417.77
"Scioto, OH",616.07
"Seneca, OH",552.37
"Shelby, OH",411.03
"Stark, OH",580.91
"Summit, OH",420.06
"Trumbull, OH",634.72
"Tuscarawas, OH",571.48
"Union, OH",436.98
"Van Wert, OH",410.49
"Vinton, OH",414.96
"Warren, OH",407.14
"Washington, OH",640.15
"Wayne, OH",556.31
"Williams, OH",423.05
"Wood, OH",620.54
"Wyandot, OH",407.62
OKLAHOMA,69898.19
"Adair, OK",577.03
"Alfalfa, OK",881.44
"Atoka, OK",990
"Beaver, OK",1817.58
"Beckham, OK",904.14
"Blaine, OK",938.88
"Bryan, OK",943.43
"Caddo, OK",1290.31
"Canadian, OK",905.17
"Carter, OK",833.72
"Cherokee, OK",776.4
"Choctaw, OK",800.68
"Cimarron, OK",1841.17
"Cleveland, OK",558.34
"Coal, OK",521.3
"Comanche, OK",1083.82
"Cotton, OK",641.94
"Craig, OK",762.71
"Creek, OK",969.77
"Custer, OK",1002
"Delaware, OK",792.33
"Dewey, OK",1008.26
"Ellis, OK",1231.84
"Garfield, OK",1059.94
"Garvin, OK",813.66
"Grady, OK",1105.3
"Grant, OK",1003.61
"Greer, OK",643.66
"Harmon, OK",538.56
"Harper, OK",1040.96
"Haskell, OK",625.27
"Hughes, OK",814.64
"Jackson, OK",804.15
"Jefferson, OK",773.83
"Johnston, OK",658.29
"Kay, OK",945.12
"Kingfisher, OK",905.96
"Kiowa, OK",1030.66
"Latimer, OK",729.12
"Le Flore, OK",1608.03
"Lincoln, OK",965.62
"Logan, OK",748.92
"Love, OK",531.94
"McClain, OK",580.13
"McCurtain, OK",1901.32
"McIntosh, OK",712.48
"Major, OK",957.87
"Marshall, OK",426.95
"Mayes, OK",683.51
"Murray, OK",424.92
"Muskogee, OK",838.99
"Noble, OK",742.44
"Nowata, OK",580.87
"Okfuskee, OK",628.91
"Oklahoma, OK",718.31
"Okmulgee, OK",702.32
"Osage, OK",2303.8
"Ottawa, OK",484.73
"Pawnee, OK",594.87
"Payne, OK",697.13
"Pittsburg, OK",1377.85
"Pontotoc, OK",725.45
"Pottawatomie, OK",793.26
"Pushmataha, OK",1422.78
"Roger Mills, OK",1146.46
"Rogers, OK",711.44
"Seminole, OK",640.57
"Sequoyah, OK",714.88
"Stephens, OK",891.12
"Texas, OK",2048.81
"Tillman, OK",879.21
"Tulsa, OK",587.02
"Wagoner, OK",590.99
"Washington, OK",424.15
"Washita, OK",1009.07
"Woods, OK",1290.07
"Woodward, OK",1246.01
OREGON,98380.64
"Baker, OR",3088.43
"Benton, OR",678.97
"Clackamas, OR",1879.01
"Clatsop, OR",1084.75
"Columbia, OR",688.33
"Coos, OR",1806.38
"Crook, OR",2987.41
"Curry, OR",1988.57
"Deschutes, OR",3054.77
"Douglas, OR",5133.83
"Gilliam, OR",1222.84
"Grant, OR",4529.32
"Harney, OR",10226.49
"Hood River, OR",533.56
"Jackson, OR",2801.77
"Jefferson, OR",1791.17
"Josephine, OR",1641.63
"Klamath, OR",6135.75
"Lake, OR",8358.47
"Lane, OR",4721.79
"Lincoln, OR",1193.79
"Linn, OR",2310.15
"Malheur, OR",9929.99
"Marion, OR",1194.13
"Morrow, OR",2048.53
"Multnomah, OR",465.65
"Polk, OR",744.15
"Sherman, OR",831.2
"Tillamook, OR",1332.78
"Umatilla, OR",3231.25
"Union, OR",2038.55
"Wallowa, OR",3151.69
"Wasco, OR",2395.32
"Washington, OR",726.38
"Wheeler, OR",1715.46
"Yamhill, OR",718.36
PENNSYLVANIA,46055.24
"Adams, PA",521.52
"Allegheny, PA",744.71
"Armstrong, PA",664.44
"Beaver, PA",443.9
"Bedford, PA",1017.4
"Berks, PA",865.67
"Blair, PA",527.11
"Bradford, PA",1161.03
"Bucks, PA",622.11
"Butler, PA",794.79
"Cambria, PA",693.43
"Cameron, PA",398.6
"Carbon, PA",387.23
"Centre, PA",1111.85
"Chester, PA",759.81
"Clarion, PA",608.95
"Clearfield, PA",1153.8
"Clinton, PA",898.09
"Columbia, PA",489.79
"Crawford, PA",1037.74
"Cumberland, PA",551.14
"Dauphin, PA",557.53
"Delaware, PA",190.74
"Elk, PA",832.23
"Erie, PA",1558.4
"Fayette, PA",798
"Forest, PA",431.4
"Franklin, PA",772.63
"Fulton, PA",438.03
"Greene, PA",577.95
"Huntingdon, PA",889.03
"Indiana, PA",834.29
"Jefferson, PA",656.87
"Juniata, PA",393.57
"Lackawanna, PA",464.51
"Lancaster, PA",983.81
"Lawrence, PA",362.76
"Lebanon, PA",362.6
"Lehigh, PA",348.34
"Luzerne, PA",907.13
"Lycoming, PA",1243.77
"McKean, PA",984.17
"Mercer, PA",682.57
"Mifflin, PA",414.6
"Monroe, PA",617.42
"Montgomery, PA",487.45
"Montour, PA",132.3
"Northampton, PA",377.36
"Northumberland, PA",477.38
"Perry, PA",555.77
"Philadelphia, PA",142.64
"Pike, PA",566.64
"Potter, PA",1081.42
"Schuylkill, PA",782.61
"Snyder, PA",332.16
"Somerset, PA",1081.17
"Sullivan, PA",452.35
"Susquehanna, PA",832.4
"Tioga, PA",1137.3
"Union, PA",317.12
"Venango, PA",683.02
"Warren, PA",897.81
"Washington, PA",860.95
"Wayne, PA",750.54
"Westmoreland, PA",1036.34
"Wyoming, PA",404.79
"York, PA",910.25
RHODE ISLAND,1545.05
"Bristol, RI",44.71
"Kent, RI",188.1
"Newport, RI",313.64
"Providence, RI",435.82
"Washington, RI",562.77
SOUTH CAROLINA,32020.2
"Abbeville, SC",511.05
"Aiken, SC",1080.46
"Allendale, SC",412.58
"Anderson, SC",757.45
"Bamberg, SC",395.47
"Barnwell, SC",557.25
"Beaufort, SC",922.88
"Berkeley, SC",1228.07
"Calhoun, SC",392.34
"Charleston, SC",1358.11
"Cherokee, SC",397.28
"Chester, SC",586.16
"Chesterfield, SC",805.78
"Clarendon, SC",695.66
"Colleton, SC",1133.21
"Darlington, SC",566.78
"Dillon, SC",406.54
"Dorchester, SC",576.69
"Edgefield, SC",506.54
"Fairfield, SC",709.93
"Florence, SC",803.74
"Georgetown, SC",1035
"Greenville, SC",794.96
"Greenwood, SC",462.94
"Hampton, SC",562.63
"Horry, SC",1254.96
"Jasper, SC",699.79
"Kershaw, SC",740.25
"Lancaster, SC",555.29
"Laurens, SC",723.98
"Lee, SC",411.3
"Lexington, SC",757.88
"McCormick, SC",393.85
"Marion, SC",494.09
"Marlboro, SC",485.28
"Newberry, SC",647.28
"Oconee, SC",673.58
"Orangeburg, SC",1128.09
"Pickens, SC",511.85
"Richland, SC",771.72
"Saluda, SC",461.78
"Spartanburg, SC",819.14
"Sumter, SC",682.03
"Union, SC",515.92
"Williamsburg, SC",936.92
"York, SC",695.72
SOUTH DAKOTA,77116.49
"Aurora, SD",712.53
"Beadle, SD",1264.82
"Bennett, SD",1190.59
"Bon Homme, SD",581.32
"Brookings, SD",804.76
"Brown, SD",1731.21
"Brule, SD",846.49
"Buffalo, SD",487.43
"Butte, SD",2266.36
"Campbell, SD",771.34
"Charles Mix, SD",1150.19
"Clark, SD",967.79
"Clay, SD",416.7
"Codington, SD",717.08
"Corson, SD",2529.42
"Custer, SD",1559.14
"Davison, SD",436.78
"Day, SD",1091.21
"Deuel, SD",636.72
"Dewey, SD",2445.67
"Douglas, SD",434.13
"Edmunds, SD",1151.16
"Fall River, SD",1749.14
"Faulk, SD",1005.69
"Grant, SD",687.91
"Gregory, SD",1053.45
"Haakon, SD",1827.22
"Hamlin, SD",537.96
"Hand, SD",1440.21
"Hanson, SD",435.64
"Harding, SD",2677.58
"Hughes, SD",800.29
"Hutchinson, SD",814.37
"Hyde, SD",866.59
"Jackson, SD",1871.24
"Jerauld, SD",532.63
"Jones, SD",971.66
"Kingsbury, SD",863.67
"Lake, SD",575.06
"Lawrence, SD",800.31
"Lincoln, SD",578.59
"Lyman, SD",1707.06
"McCook, SD",577.16
"McPherson, SD",1151.85
"Marshall, SD",885.63
"Meade, SD",3482.46
"Mellette, SD",1309.75
"Miner, SD",571.99
"Minnehaha, SD",813.69
"Moody, SD",521.1
"Pennington, SD",2784.31
"Perkins, SD",2890.71
"Potter, SD",898.43
"Roberts, SD",1135.35
"Sanborn, SD",570.21
"Shannon, SD",2096.65
"Spink, SD",1510.05
"Stanley, SD",1516.99
"Sully, SD",1070.36
"Todd, SD",1390.9
"Tripp, SD",1617.4
"Turner, SD",617.45
"Union, SD",467.08
"Walworth, SD",744.22
"Yankton, SD",532.62
"Ziebach, SD",1971.05
TENNESSEE,42143.27
"Anderson, TN",344.82
"Bedford, TN",474.83
"Benton, TN",436.2
"Bledsoe, TN",406.71
"Blount, TN",566.65
"Bradley, TN",331.5
"Campbell, TN",498.25
"Cannon, TN",265.71
"Carroll, TN",599.86
"Carter, TN",347.62
"Cheatham, TN",307.13
"Chester, TN",288.74
"Claiborne, TN",441.55
"Clay, TN",259.25
"Cocke, TN",443.15
"Coffee, TN",434.46
"Crockett, TN",265.47
"Cumberland, TN",684.95
"Davidson, TN",526.11
"Decatur, TN",344.91
"DeKalb, TN",328.98
"Dickson, TN",491.28
"Dyer, TN",526.48
"Fayette, TN",706.23
"Fentress, TN",498.97
"Franklin, TN",575.77
"Gibson, TN",603.59
"Giles, TN",611.17
"Grainger, TN",302.44
"Greene, TN",624.11
"Grundy, TN",361.14
"Hamblen, TN",175.77
"Hamilton, TN",575.72
"Hancock, TN",223.5
"Hardeman, TN",670.39
"Hardin, TN",596.31
"Hawkins, TN",499.63
"Haywood, TN",534.15
"Henderson, TN",525.91
"Henry, TN",593.45
"Hickman, TN",612.7
"Houston, TN",206.92
"Humphreys, TN",556.72
"Jackson, TN",319.56
"Jefferson, TN",314.33
"Johnson, TN",302.73
"Knox, TN",525.78
"Lake, TN",193.79
"Lauderdale, TN",507.14
"Lawrence, TN",617.91
"Lewis, TN",282.48
"Lincoln, TN",570.63
"Loudon, TN",247.31
"McMinn, TN",432.22
"McNairy, TN",560.84
"Macon, TN",307.19
"Madison, TN",558.63
"Marion, TN",512.32
"Marshall, TN",376.1
"Maury, TN",615.52
"Meigs, TN",216.78
"Monroe, TN",652.58
"Montgomery, TN",543.84
"Moore, TN",130.38
"Morgan, TN",522.4
"Obion, TN",555.35
"Overton, TN",434.82
"Perry, TN",422.9
"Pickett, TN",174.58
"Polk, TN",442.35
"Putnam, TN",402.56
"Rhea, TN",336.39
"Roane, TN",394.98
"Robertson, TN",476.67
"Rutherford, TN",623.94
"Scott, TN",533.22
"Sequatchie, TN",266.02
"Sevier, TN",597.73
"Shelby, TN",783.63
"Smith, TN",325.35
"Stewart, TN",493.2
"Sullivan, TN",429.69
"Sumner, TN",543.12
"Tipton, TN",474.72
"Trousdale, TN",116.64
"Unicoi, TN",186.49
"Union, TN",247.13
"Van Buren, TN",274.59
"Warren, TN",434.08
"Washington, TN",329.8
"Wayne, TN",735.59
"Weakley, TN",581.81
"White, TN",379.39
"Williamson, TN",583.62
"Wilson, TN",583.2
TEXAS,268580.82
"Anderson, TX",1077.95
"Andrews, TX",1500.99
"Angelina, TX",864.45
"Aransas, TX",527.95
"Archer, TX",925.78
"Armstrong, TX",913.81
"Atascosa, TX",1235.61
"Austin, TX",656.37
"Bailey, TX",827.38
"Bandera, TX",797.54
"Bastrop, TX",895.92
"Baylor, TX",901.01
"Bee, TX",880.31
"Bell, TX",1087.93
"Bexar, TX",1256.66
"Blanco, TX",713.41
"Borden, TX",906.04
"Bosque, TX",1002.63
"Bowie, TX",922.77
"Brazoria, TX",1597.44
"Brazos, TX",590.29
"Brewster, TX",6192.78
"Briscoe, TX",901.59
"Brooks, TX",943.61
"Brown, TX",956.94
"Burleson, TX",677.78
"Burnet, TX",1020.96
"Caldwell, TX",547.41
"Calhoun, TX",1032.16
"Callahan, TX",901.26
"Cameron, TX",1276.33
"Camp, TX",203.2
"Carson, TX",924.1
"Cass, TX",960.35
"Castro, TX",899.32
"Chambers, TX",871.99
"Cherokee, TX",1061.93
"Childress, TX",713.61
"Clay, TX",1116.17
"Cochran, TX",775.31
"Coke, TX",927.97
"Coleman, TX",1281.45
"Collin, TX",885.85
"Collingsworth, TX",919.44
"Colorado, TX",973.59
"Comal, TX",574.59
"Comanche, TX",947.67
"Concho, TX",993.69
"Cooke, TX",898.81
"Coryell, TX",1056.73
"Cottle, TX",901.59
"Crane, TX",785.59
"Crockett, TX",2807.43
"Crosby, TX",901.69
"Culberson, TX",3812.71
"Dallam, TX",1505.26
"Dallas, TX",908.56
"Dawson, TX",902.12
"Deaf Smith, TX",1498.26
"Delta, TX",277.92
"Denton, TX",957.88
"DeWitt, TX",910.47
"Dickens, TX",905.21
"Dimmit, TX",1334.48
"Donley, TX",933.05
"Duval, TX",1795.67
"Eastland, TX",931.9
"Ector, TX",901.68
"Edwards, TX",2119.95
"Ellis, TX",951.66
"El Paso, TX",1014.68
"Erath, TX",1089.8
"Falls, TX",773.81
"Fannin, TX",899.16
"Fayette, TX",959.84
"Fisher, TX",901.74
"Floyd, TX",992.51
"Foard, TX",707.69
"Fort Bend, TX",886.05
"Franklin, TX",294.77
"Freestone, TX",892.13
"Frio, TX",1134.28
"Gaines, TX",1502.84
"Galveston, TX",872.93
"Garza, TX",896.19
"Gillespie, TX",1061.48
"Glasscock, TX",900.93
"Goliad, TX",859.35
"Gonzales, TX",1069.82
"Gray, TX",929.25
"Grayson, TX",979.19
"Gregg, TX",276.37
"Grimes, TX",801.16
"Guadalupe, TX",714.17
"Hale, TX",1004.77
"Hall, TX",904.08
"Hamilton, TX",836.38
"Hansford, TX",920.4
"Hardeman, TX",697
"Hardin, TX",897.37
"Harris, TX",1777.69
"Harrison, TX",915.09
"Hartley, TX",1463.2
"Haskell, TX",910.25
"Hays, TX",679.79
"Hemphill, TX",912.06
"Henderson, TX",949
"Hidalgo, TX",1582.66
"Hill, TX",985.65
"Hockley, TX",908.55
"Hood, TX",436.8
"Hopkins, TX",792.74
"Houston, TX",1236.83
"Howard, TX",904.19
"Hudspeth, TX",4571.93
"Hunt, TX",882.02
"Hutchinson, TX",894.95
"Irion, TX",1051.59
"Jack, TX",920.11
"Jackson, TX",857.03
"Jasper, TX",969.62
"Jeff Davis, TX",2264.6
"Jefferson, TX",1111.26
"Jim Hogg, TX",1136.16
"Jim Wells, TX",868.22
"Johnson, TX",734.46
"Jones, TX",937.13
"Karnes, TX",753.58
"Kaufman, TX",806.81
"Kendall, TX",663.04
"Kenedy, TX",1945.6
"Kent, TX",902.91
"Kerr, TX",1107.66
"Kimble, TX",1250.92
"King, TX",913.33
"Kinney, TX",1365.31
"Kleberg, TX",1090.29
"Knox, TX",855.43
"Lamar, TX",932.47
"Lamb, TX",1017.73
"Lampasas, TX",713.96
"La Salle, TX",1494.23
"Lavaca, TX",970.35
"Lee, TX",634.03
"Leon, TX",1080.38
"Liberty, TX",1176.22
"Limestone, TX",933.15
"Lipscomb, TX",932.22
"Live Oak, TX",1078.83
"Llano, TX",966.18
"Loving, TX",676.85
"Lubbock, TX",900.7
"Lynn, TX",893.46
"McCulloch, TX",1073.35
"McLennan, TX",1060.23
"McMullen, TX",1142.6
"Madison, TX",472.44
"Marion, TX",420.36
"Martin, TX",915.62
"Mason, TX",932.18
"Matagorda, TX",1612.19
"Maverick, TX",1291.74
"Medina, TX",1334.53
"Menard, TX",902.25
"Midland, TX",901.97
"Milam, TX",1021.67
"Mills, TX",749.89
"Mitchell, TX",915.9
"Montague, TX",938.44
"Montgomery, TX",1076.81
"Moore, TX",909.61
"Morris, TX",258.64
"Motley, TX",989.81
"Nacogdoches, TX",981.33
"Navarro, TX",1086.17
"Newton, TX",939.51
"Nolan, TX",913.93
"Nueces, TX",1166.42
"Ochiltree, TX",918.07
"Oldham, TX",1501.42
"Orange, TX",379.54
"Palo Pinto, TX",985.5
"Panola, TX",821.34
"Parker, TX",910.09
"Parmer, TX",885.17
"Pecos, TX",4764.73
"Polk, TX",1109.81
"Potter, TX",921.98
"Presidio, TX",3856.26
"Rains, TX",258.87
"Randall, TX",922.42
"Reagan, TX",1175.98
"Real, TX",700.04
"Red River, TX",1057.61
"Reeves, TX",2641.95
"Refugio, TX",818.64
"Roberts, TX",924.19
"Robertson, TX",865.67
"Rockwall, TX",148.7
"Runnels, TX",1057.13
"Rusk, TX",938.62
"Sabine, TX",576.61
"San Augustine, TX",592.21
"San Jacinto, TX",627.9
"San Patricio, TX",707.06
"San Saba, TX",1138.25
"Schleicher, TX",1310.65
"Scurry, TX",907.53
"Shackelford, TX",915.54
"Shelby, TX",834.53
"Sherman, TX",923.2
"Smith, TX",949.45
"Somervell, TX",191.9
"Starr, TX",1229.28
"Stephens, TX",921.48
"Sterling, TX",923.49
"Stonewall, TX",920.23
"Sutton, TX",1454.4
"Swisher, TX",900.68
"Tarrant, TX",897.48
"Taylor, TX",919.25
"Terrell, TX",2357.75
"Terry, TX",890.93
"Throckmorton, TX",915.47
"Titus, TX",425.69
"Tom Green, TX",1540.54
"Travis, TX",1022.08
"Trinity, TX",714
"Tyler, TX",935.71
"Upshur, TX",592.67
"Upton, TX",1241.83
"Uvalde, TX",1558.6
"Val Verde, TX",3232.4
"Van Zandt, TX",859.48
"Victoria, TX",888.73
"Walker, TX",801.44
"Waller, TX",518.49
"Ward, TX",835.74
"Washington, TX",621.35
"Webb, TX",3375.53
"Wharton, TX",1094.43
"Wheeler, TX",915.34
"Wichita, TX",633.01
"Wilbarger, TX",978.1
"Willacy, TX",784.23
"Williamson, TX",1134.74
"Wilson, TX",808.57
"Winkler, TX",841.24
"Wise, TX",922.77
"Wood, TX",695.8
"Yoakum, TX",799.76
"Young, TX",930.84
"Zapata, TX",1058.1
"Zavala, TX",1301.72
UTAH,84898.83
"Beaver, UT",2592.28
"Box Elder, UT",6729.03
"Cache, UT",1173.07
"Carbon, UT",1484.57
"Daggett, UT",723.06
"Davis, UT",633.7
"Duchesne, UT",3255.97
"Emery, UT",4461.54
"Garfield, UT",5208.2
"Grand, UT",3694.08
"Iron, UT",3301.84
"Juab, UT",3406.28
"Kane, UT",4108.42
"Millard, UT",6828.01
"Morgan, UT",610.79
"Piute, UT",765.76
"Rich, UT",1086.29
"Salt Lake, UT",807.78
"San Juan, UT",7933.09
"Sanpete, UT",1602.66
"Sevier, UT",1918.28
"Summit, UT",1882.05
"Tooele, UT",7287.12
"Uintah, UT",4498.98
"Utah, UT",2140.98
"Wasatch, UT",1209.17
"Washington, UT",2429.91
"Wayne, UT",2466.47
"Weber, UT",659.46
VERMONT,9614.26
"Addison, VT",808.3
"Bennington, VT",677.67
"Caledonia, VT",657.52
"Chittenden, VT",619.64
"Essex, VT",673.75
"Franklin, VT",692.02
"Grand Isle, VT",194.67
"Lamoille, VT",463.75
"Orange, VT",691.74
"Orleans, VT",721.14
"Rutland, VT",944.77
"Washington, VT",695.43
"Windham, VT",798.12
"Windsor, VT",975.74
VIRGINIA,42774.2
"Accomack, VA",1310.05
"Albemarle, VA",726.18
"Alleghany, VA",445.67
"Amelia, VA",358.54
"Amherst, VA",478.78
"Appomattox, VA",334.73
"Arlington, VA",25.96
"Augusta, VA",970.93
"Bath, VA",534.56
"Bedford, VA",769.25
"Bland, VA",358.73
"Botetourt, VA",545.94
"Brunswick, VA",569.37
"Buchanan, VA",503.88
"Buckingham, VA",583.56
"Campbell, VA",507.26
"Caroline, VA",538.89
"Carroll, VA",477.64
"Charles City, VA",204.22
"Charlotte, VA",477.44
"Chesterfield, VA",436.99
"Clarke, VA",178.19
"Craig, VA",330.61
"Culpeper, VA",382.28
"Cumberland, VA",299.73
"Dickenson, VA",333.63
"Dinwiddie, VA",506.98
"Essex, VA",285.91
"Fairfax, VA",406.61
"Fauquier, VA",651.42
"Floyd, VA",381.23
"Fluvanna, VA",290.21
"Franklin, VA",711.56
"Frederick, VA",415.62
"Giles, VA",360.4
"Gloucester, VA",288
"Goochland, VA",289.99
"Grayson, VA",445.9
"Greene, VA",156.96
"Greensville, VA",296.81
"Halifax, VA",829.56
"Hanover, VA",474.08
"Henrico, VA",244.6
"Henry, VA",384.39
"Highland, VA",415.86
"Isle of Wight, VA",362.76
"James City, VA",179.71
"King and Queen, VA",326.33
"King George, VA",187.79
"King William, VA",285.65
"Lancaster, VA",231.35
"Lee, VA",437.32
"Loudoun, VA",521.1
"Louisa, VA",510.79
"Lunenburg, VA",432.38
"Madison, VA",321.78
"Mathews, VA",251.96
"Mecklenburg, VA",679.29
"Middlesex, VA",210.75
"Montgomery, VA",389.43
"Nelson, VA",474.31
"New Kent, VA",223.48
"Northampton, VA",795.34
"Northumberland, VA",285.67
"Nottoway, VA",316.1
"Orange, VA",343.41
"Page, VA",314.09
"Patrick, VA",485.87
"Pittsylvania, VA",978.18
"Powhatan, VA",262.4
"Prince Edward, VA",353.85
"Prince George, VA",281.85
"Prince William, VA",348.36
"Pulaski, VA",329.59
"Rappahannock, VA",266.83
"Richmond, VA",216.38
"Roanoke, VA",251.04
"Rockbridge, VA",600.98
"Rockingham, VA",853.29
"Russell, VA",476.77
"Scott, VA",538.63
"Shenandoah, VA",512.53
"Smyth, VA",452.31
"Southampton, VA",602.35
"Spotsylvania, VA",412.27
"Stafford, VA",279.95
"Surry, VA",310.31
"Sussex, VA",492.83
"Tazewell, VA",519.89
"Warren, VA",216.32
"Washington, VA",565.98
"Westmoreland, VA",252.64
"Wise, VA",405.22
"Wythe, VA",464.62
"York, VA",215.52
"Alexandria, VA",15.41
"Bedford, VA",6.9
"Bristol, VA",13.16
"Buena Vista, VA",6.83
"Charlottesville, VA",10.26
"Chesapeake, VA",350.9
"Clifton Forge, VA",3.1
"Colonial Heights, VA",7.79
"Covington, VA",5.67
"Danville, VA",43.94
"Emporia, VA",6.97
"Fairfax, VA",6.31
"Falls Church, VA",1.99
"Franklin, VA",8.4
"Fredericksburg, VA",10.52
"Galax, VA",8.23
"Hampton, VA",136.23
"Harrisonburg, VA",17.59
"Hopewell, VA",10.82
"Lexington, VA",2.49
"Lynchburg, VA",49.76
"Manassas, VA",9.96
"Manassas Park, VA",2.49
"Martinsville, VA",11.01
"Newport News, VA",119.05
"Norfolk, VA",96.3
"Norton, VA",7.53
"Petersburg, VA",23.19
"Poquoson, VA",78.43
"Portsmouth, VA",46.62
"Radford, VA",10.19
"Richmond, VA",62.55
"Roanoke, VA",42.91
"Salem, VA",14.59
"South Boston, VA",0
"Staunton, VA",19.71
"Suffolk, VA",429.07
"Virginia Beach, VA",497.33
"Waynesboro, VA",15.38
"Williamsburg, VA",8.67
"Winchester, VA",9.33
WASHINGTON,71299.64
"Adams, WA",1929.69
"Asotin, WA",640.69
"Benton, WA",1760.12
"Chelan, WA",2993.62
"Clallam, WA",2670.34
"Clark, WA",656.22
"Columbia, WA",873.53
"Cowlitz, WA",1166.33
"Douglas, WA",1848.69
"Ferry, WA",2257.46
"Franklin, WA",1265.35
"Garfield, WA",718.19
"Grant, WA",2791.29
"Grays Harbor, WA",2224.44
"Island, WA",517.39
"Jefferson, WA",2183.52
"King, WA",2306.53
"Kitsap, WA",565.98
"Kittitas, WA",2333.11
"Klickitat, WA",1904.18
"Lewis, WA",2436.26
"Lincoln, WA",2339.71
"Mason, WA",1051.03
"Okanogan, WA",5315.16
"Pacific, WA",1223.5
"Pend Oreille, WA",1425.32
"Pierce, WA",1806.5
"San Juan, WA",621.07
"Skagit, WA",1920.47
"Skamania, WA",1683.86
"Snohomish, WA",2196.41
"Spokane, WA",1780.72
"Stevens, WA",2540.64
"Thurston, WA",773.64
"Wahkiakum, WA",286.69
"Walla Walla, WA",1299.25
"Whatcom, WA",2503.55
"Whitman, WA",2177.6
"Yakima, WA",4311.61
WEST VIRGINIA,24229.76
"Barbour, WV",342.75
"Berkeley, WV",321.58
"Boone, WV",503.18
"Braxton, WV",516.17
"Brooke, WV",92.26
"Cabell, WV",288.02
"Calhoun, WV",280.64
"Clay, WV",343.82
"Doddridge, WV",320.48
"Fayette, WV",668.36
"Gilmer, WV",340.07
"Grant, WV",480.19
"Greenbrier, WV",1024.43
"Hampshire, WV",644.62
"Hancock, WV",88.35
"Hardy, WV",584.48
"Harrison, WV",416.6
"Jackson, WV",471.59
"Jefferson, WV",211.57
"Kanawha, WV",910.99
"Lewis, WV",389.75
"Lincoln, WV",438.59
"Logan, WV",455.61
"McDowell, WV",534.9
"Marion, WV",311.49
"Marshall, WV",312.18
"Mason, WV",444.8
"Mercer, WV",420.69
"Mineral, WV",329.13
"Mingo, WV",423.64
"Monongalia, WV",365.89
"Monroe, WV",473.66
"Morgan, WV",229.67
"Nicholas, WV",654.4
"Ohio, WV",108.86
"Pendleton, WV",698.15
"Pleasants, WV",134.59
"Pocahontas, WV",941.85
"Preston, WV",651.39
"Putnam, WV",350.4
"Raleigh, WV",609.34
"Randolph, WV",1039.92
"Ritchie, WV",453.58
"Roane, WV",483.75
"Summers, WV",367.72
"Taylor, WV",175.69
"Tucker, WV",421.11
"Tyler, WV",260.69
"Upshur, WV",354.86
"Wayne, WV",512.19
"Webster, WV",556.15
"Wetzel, WV",361.37
"Wirt, WV",234.83
"Wood, WV",376.94
"Wyoming, WV",501.82
WISCONSIN,65497.82
"Adams, WI",688.51
"Ashland, WI",2293.73
"Barron, WI",890.02
"Bayfield, WI",2041.53
"Brown, WI",615.42
"Buffalo, WI",709.58
"Burnett, WI",880.38
"Calumet, WI",397.03
"Chippewa, WI",1041.32
"Clark, WI",1219.08
"Columbia, WI",795.7
"Crawford, WI",599.22
"Dane, WI",1238.32
"Dodge, WI",906.99
"Door, WI",2369.83
"Douglas, WI",1479.91
"Dunn, WI",863.91
"Eau Claire, WI",645.28
"Florence, WI",497.46
"Fond du Lac, WI",765.8
"Forest, WI",1046.4
"Grant, WI",1183.31
"Green, WI",584.56
"Green Lake, WI",380.44
"Iowa, WI",768.08
"Iron, WI",919.24
"Jackson, WI",1000.11
"Jefferson, WI",582.75
"Juneau, WI",804.13
"Kenosha, WI",754.31
"Kewaunee, WI",1084.52
"La Crosse, WI",479.92
"Lafayette, WI",634.56
"Langlade, WI",887.88
"Lincoln, WI",907.05
"Manitowoc, WI",1493.87
"Marathon, WI",1576.14
"Marinette, WI",1550.07
"Marquette, WI",464.42
"Menominee, WI",364.99
"Milwaukee, WI",1189.7
"Monroe, WI",908.29
"Oconto, WI",1149.04
"Oneida, WI",1235.88
"Outagamie, WI",644.4
"Ozaukee, WI",1116.2
"Pepin, WI",248.68
"Pierce, WI",591.59
"Polk, WI",956.28
"Portage, WI",822.76
"Price, WI",1278.43
"Racine, WI",791.9
"Richland, WI",589.38
"Rock, WI",726.2
"Rusk, WI",930.89
"St. Croix, WI",735.81
"Sauk, WI",848.43
"Sawyer, WI",1350.32
"Shawano, WI",909.33
"Sheboygan, WI",1270.97
"Taylor, WI",984.49
"Trempealeau, WI",741.98
"Vernon, WI",816.41
"Vilas, WI",1017.85
"Walworth, WI",576.5
"Washburn, WI",853.06
"Washington, WI",435.89
"Waukesha, WI",580.48
"Waupaca, WI",765.33
"Waushara, WI",637.39
"Winnebago, WI",578.7
"Wood, WI",809.46
WYOMING,97813.56
"Albany, WY",4308.79
"Big Horn, WY",3158.96
"Campbell, WY",4801.56
"Carbon, WY",7964.03
"Converse, WY",4265.1
"Crook, WY",2870.52
"Fremont, WY",9265.8
"Goshen, WY",2232.16
"Hot Springs, WY",2006.21
"Johnson, WY",4174.71
"Laramie, WY",2687.63
"Lincoln, WY",4089.01
"Natrona, WY",5375.72
"Niobrara, WY",2627.9
"Park, WY",6968.51
"Platte, WY",2110.9
"Sheridan, WY",2527.07
"Sublette, WY",4935.66
"Sweetwater, WY",10491.17
"Teton, WY",4221.8
"Uinta, WY",2087.56
"Washakie, WY",2242.75
"Weston, WY",2400.07